destination_id,city,meal_inr_per_person_day,transfer_inr_per_group,valid_from,valid_to,is_synthetic,dataset_version,description
D01,Goa,500,1200,2026-11-01,2027-03-31,True,1.0,"Goa: fictional gateway transfers and fictional lodging. Not a statement about real airport connectivity, safety or travel conditions."
D02,Jaipur,550,1400,2026-11-01,2027-03-31,True,1.0,"Jaipur: fictional gateway transfers and fictional lodging. Not a statement about real airport connectivity, safety or travel conditions."
D03,Udaipur,600,1600,2026-11-01,2027-03-31,True,1.0,"Udaipur: fictional gateway transfers and fictional lodging. Not a statement about real airport connectivity, safety or travel conditions."
D04,Kochi,500,1800,2026-11-01,2027-03-31,True,1.0,"Kochi: fictional gateway transfers and fictional lodging. Not a statement about real airport connectivity, safety or travel conditions."
D05,Mysuru,550,1200,2026-11-01,2027-03-31,True,1.0,"Mysuru: fictional gateway transfers and fictional lodging. Not a statement about real airport connectivity, safety or travel conditions."
D06,Varanasi,600,1400,2026-11-01,2027-03-31,True,1.0,"Varanasi: fictional gateway transfers and fictional lodging. Not a statement about real airport connectivity, safety or travel conditions."
D07,Amritsar,500,1600,2026-11-01,2027-03-31,True,1.0,"Amritsar: fictional gateway transfers and fictional lodging. Not a statement about real airport connectivity, safety or travel conditions."
D08,Rishikesh,550,1800,2026-11-01,2027-03-31,True,1.0,"Rishikesh: fictional gateway transfers and fictional lodging. Not a statement about real airport connectivity, safety or travel conditions."
D09,Shimla,600,1200,2026-11-01,2027-03-31,True,1.0,"Shimla: fictional gateway transfers and fictional lodging. Not a statement about real airport connectivity, safety or travel conditions."
D10,Manali,500,1400,2026-11-01,2027-03-31,True,1.0,"Manali: fictional gateway transfers and fictional lodging. Not a statement about real airport connectivity, safety or travel conditions."
D11,Darjeeling,550,1600,2026-11-01,2027-03-31,True,1.0,"Darjeeling: fictional gateway transfers and fictional lodging. Not a statement about real airport connectivity, safety or travel conditions."
D12,Gangtok,600,1800,2026-11-01,2027-03-31,True,1.0,"Gangtok: fictional gateway transfers and fictional lodging. Not a statement about real airport connectivity, safety or travel conditions."
D13,Srinagar,500,1200,2026-11-01,2027-03-31,True,1.0,"Srinagar: fictional gateway transfers and fictional lodging. Not a statement about real airport connectivity, safety or travel conditions."
D14,Leh,550,1400,2026-11-01,2027-03-31,True,1.0,"Leh: fictional gateway transfers and fictional lodging. Not a statement about real airport connectivity, safety or travel conditions."
D15,Agra,600,1600,2026-11-01,2027-03-31,True,1.0,"Agra: fictional gateway transfers and fictional lodging. Not a statement about real airport connectivity, safety or travel conditions."
D16,Pondicherry,500,1800,2026-11-01,2027-03-31,True,1.0,"Pondicherry: fictional gateway transfers and fictional lodging. Not a statement about real airport connectivity, safety or travel conditions."
D17,Ooty,550,1200,2026-11-01,2027-03-31,True,1.0,"Ooty: fictional gateway transfers and fictional lodging. Not a statement about real airport connectivity, safety or travel conditions."
D18,Madurai,600,1400,2026-11-01,2027-03-31,True,1.0,"Madurai: fictional gateway transfers and fictional lodging. Not a statement about real airport connectivity, safety or travel conditions."
D19,Puri,500,1600,2026-11-01,2027-03-31,True,1.0,"Puri: fictional gateway transfers and fictional lodging. Not a statement about real airport connectivity, safety or travel conditions."
D20,Khajuraho,550,1800,2026-11-01,2027-03-31,True,1.0,"Khajuraho: fictional gateway transfers and fictional lodging. Not a statement about real airport connectivity, safety or travel conditions."
