flight_id,origin_id,destination_id,label,roundtrip_inr_per_person,stops_each_way,duration_minutes_each_way,baggage_kg,cancellation_inr_per_person,taxes_included,valid_from,valid_to,is_synthetic,dataset_version
F0101D,O01,D01,SIM Air D Mumbai-Goa,4500,0,100,15,1000,True,2026-11-01,2027-03-31,True,1.0
F0101E,O01,D01,SIM Air E Mumbai-Goa,3600,1,280,15,1500,True,2026-11-01,2027-03-31,True,1.0
F0102D,O01,D02,SIM Air D Mumbai-Jaipur,5200,0,115,15,1000,True,2026-11-01,2027-03-31,True,1.0
F0102E,O01,D02,SIM Air E Mumbai-Jaipur,4300,1,295,15,1500,True,2026-11-01,2027-03-31,True,1.0
F0103D,O01,D03,SIM Air D Mumbai-Udaipur,5900,0,130,15,1000,True,2026-11-01,2027-03-31,True,1.0
F0103E,O01,D03,SIM Air E Mumbai-Udaipur,5000,1,310,15,1500,True,2026-11-01,2027-03-31,True,1.0
F0104D,O01,D04,SIM Air D Mumbai-Kochi,5100,0,145,15,1000,True,2026-11-01,2027-03-31,True,1.0
F0104E,O01,D04,SIM Air E Mumbai-Kochi,4200,1,325,15,1500,True,2026-11-01,2027-03-31,True,1.0
F0105D,O01,D05,SIM Air D Mumbai-Mysuru,5800,0,160,15,1000,True,2026-11-01,2027-03-31,True,1.0
F0105E,O01,D05,SIM Air E Mumbai-Mysuru,4900,1,340,15,1500,True,2026-11-01,2027-03-31,True,1.0
F0106D,O01,D06,SIM Air D Mumbai-Varanasi,5000,0,100,15,1000,True,2026-11-01,2027-03-31,True,1.0
F0106E,O01,D06,SIM Air E Mumbai-Varanasi,4100,1,280,15,1500,True,2026-11-01,2027-03-31,True,1.0
F0107D,O01,D07,SIM Air D Mumbai-Amritsar,5700,0,115,15,1000,True,2026-11-01,2027-03-31,True,1.0
F0107E,O01,D07,SIM Air E Mumbai-Amritsar,4800,1,295,15,1500,True,2026-11-01,2027-03-31,True,1.0
F0108D,O01,D08,SIM Air D Mumbai-Rishikesh,4900,0,130,15,1000,True,2026-11-01,2027-03-31,True,1.0
F0108E,O01,D08,SIM Air E Mumbai-Rishikesh,4000,1,310,15,1500,True,2026-11-01,2027-03-31,True,1.0
F0109D,O01,D09,SIM Air D Mumbai-Shimla,5600,0,145,15,1000,True,2026-11-01,2027-03-31,True,1.0
F0109E,O01,D09,SIM Air E Mumbai-Shimla,4700,1,325,15,1500,True,2026-11-01,2027-03-31,True,1.0
F0110D,O01,D10,SIM Air D Mumbai-Manali,4800,0,160,15,1000,True,2026-11-01,2027-03-31,True,1.0
F0110E,O01,D10,SIM Air E Mumbai-Manali,3900,1,340,15,1500,True,2026-11-01,2027-03-31,True,1.0
F0111D,O01,D11,SIM Air D Mumbai-Darjeeling,5500,0,100,15,1000,True,2026-11-01,2027-03-31,True,1.0
F0111E,O01,D11,SIM Air E Mumbai-Darjeeling,4600,1,280,15,1500,True,2026-11-01,2027-03-31,True,1.0
F0112D,O01,D12,SIM Air D Mumbai-Gangtok,4700,0,115,15,1000,True,2026-11-01,2027-03-31,True,1.0
F0112E,O01,D12,SIM Air E Mumbai-Gangtok,3800,1,295,15,1500,True,2026-11-01,2027-03-31,True,1.0
F0113D,O01,D13,SIM Air D Mumbai-Srinagar,5400,0,130,15,1000,True,2026-11-01,2027-03-31,True,1.0
F0113E,O01,D13,SIM Air E Mumbai-Srinagar,4500,1,310,15,1500,True,2026-11-01,2027-03-31,True,1.0
F0114D,O01,D14,SIM Air D Mumbai-Leh,4600,0,145,15,1000,True,2026-11-01,2027-03-31,True,1.0
F0114E,O01,D14,SIM Air E Mumbai-Leh,3700,1,325,15,1500,True,2026-11-01,2027-03-31,True,1.0
F0115D,O01,D15,SIM Air D Mumbai-Agra,5300,0,160,15,1000,True,2026-11-01,2027-03-31,True,1.0
F0115E,O01,D15,SIM Air E Mumbai-Agra,4400,1,340,15,1500,True,2026-11-01,2027-03-31,True,1.0
F0116D,O01,D16,SIM Air D Mumbai-Pondicherry,4500,0,100,15,1000,True,2026-11-01,2027-03-31,True,1.0
F0116E,O01,D16,SIM Air E Mumbai-Pondicherry,3600,1,280,15,1500,True,2026-11-01,2027-03-31,True,1.0
F0117D,O01,D17,SIM Air D Mumbai-Ooty,5200,0,115,15,1000,True,2026-11-01,2027-03-31,True,1.0
F0117E,O01,D17,SIM Air E Mumbai-Ooty,4300,1,295,15,1500,True,2026-11-01,2027-03-31,True,1.0
F0118D,O01,D18,SIM Air D Mumbai-Madurai,5900,0,130,15,1000,True,2026-11-01,2027-03-31,True,1.0
F0118E,O01,D18,SIM Air E Mumbai-Madurai,5000,1,310,15,1500,True,2026-11-01,2027-03-31,True,1.0
F0119D,O01,D19,SIM Air D Mumbai-Puri,5100,0,145,15,1000,True,2026-11-01,2027-03-31,True,1.0
F0119E,O01,D19,SIM Air E Mumbai-Puri,4200,1,325,15,1500,True,2026-11-01,2027-03-31,True,1.0
F0120D,O01,D20,SIM Air D Mumbai-Khajuraho,5800,0,160,15,1000,True,2026-11-01,2027-03-31,True,1.0
F0120E,O01,D20,SIM Air E Mumbai-Khajuraho,4900,1,340,15,1500,True,2026-11-01,2027-03-31,True,1.0
F0201D,O02,D01,SIM Air D Delhi-Goa,4800,0,100,15,1000,True,2026-11-01,2027-03-31,True,1.0
F0201E,O02,D01,SIM Air E Delhi-Goa,3900,1,280,15,1500,True,2026-11-01,2027-03-31,True,1.0
F0202D,O02,D02,SIM Air D Delhi-Jaipur,5500,0,115,15,1000,True,2026-11-01,2027-03-31,True,1.0
F0202E,O02,D02,SIM Air E Delhi-Jaipur,4600,1,295,15,1500,True,2026-11-01,2027-03-31,True,1.0
F0203D,O02,D03,SIM Air D Delhi-Udaipur,4700,0,130,15,1000,True,2026-11-01,2027-03-31,True,1.0
F0203E,O02,D03,SIM Air E Delhi-Udaipur,3800,1,310,15,1500,True,2026-11-01,2027-03-31,True,1.0
F0204D,O02,D04,SIM Air D Delhi-Kochi,5400,0,145,15,1000,True,2026-11-01,2027-03-31,True,1.0
F0204E,O02,D04,SIM Air E Delhi-Kochi,4500,1,325,15,1500,True,2026-11-01,2027-03-31,True,1.0
F0205D,O02,D05,SIM Air D Delhi-Mysuru,4600,0,160,15,1000,True,2026-11-01,2027-03-31,True,1.0
F0205E,O02,D05,SIM Air E Delhi-Mysuru,3700,1,340,15,1500,True,2026-11-01,2027-03-31,True,1.0
F0206D,O02,D06,SIM Air D Delhi-Varanasi,5300,0,100,15,1000,True,2026-11-01,2027-03-31,True,1.0
F0206E,O02,D06,SIM Air E Delhi-Varanasi,4400,1,280,15,1500,True,2026-11-01,2027-03-31,True,1.0
F0207D,O02,D07,SIM Air D Delhi-Amritsar,4500,0,115,15,1000,True,2026-11-01,2027-03-31,True,1.0
F0207E,O02,D07,SIM Air E Delhi-Amritsar,3600,1,295,15,1500,True,2026-11-01,2027-03-31,True,1.0
F0208D,O02,D08,SIM Air D Delhi-Rishikesh,5200,0,130,15,1000,True,2026-11-01,2027-03-31,True,1.0
F0208E,O02,D08,SIM Air E Delhi-Rishikesh,4300,1,310,15,1500,True,2026-11-01,2027-03-31,True,1.0
F0209D,O02,D09,SIM Air D Delhi-Shimla,5900,0,145,15,1000,True,2026-11-01,2027-03-31,True,1.0
F0209E,O02,D09,SIM Air E Delhi-Shimla,5000,1,325,15,1500,True,2026-11-01,2027-03-31,True,1.0
F0210D,O02,D10,SIM Air D Delhi-Manali,5100,0,160,15,1000,True,2026-11-01,2027-03-31,True,1.0
F0210E,O02,D10,SIM Air E Delhi-Manali,4200,1,340,15,1500,True,2026-11-01,2027-03-31,True,1.0
F0211D,O02,D11,SIM Air D Delhi-Darjeeling,5800,0,100,15,1000,True,2026-11-01,2027-03-31,True,1.0
F0211E,O02,D11,SIM Air E Delhi-Darjeeling,4900,1,280,15,1500,True,2026-11-01,2027-03-31,True,1.0
F0212D,O02,D12,SIM Air D Delhi-Gangtok,5000,0,115,15,1000,True,2026-11-01,2027-03-31,True,1.0
F0212E,O02,D12,SIM Air E Delhi-Gangtok,4100,1,295,15,1500,True,2026-11-01,2027-03-31,True,1.0
F0213D,O02,D13,SIM Air D Delhi-Srinagar,5700,0,130,15,1000,True,2026-11-01,2027-03-31,True,1.0
F0213E,O02,D13,SIM Air E Delhi-Srinagar,4800,1,310,15,1500,True,2026-11-01,2027-03-31,True,1.0
F0214D,O02,D14,SIM Air D Delhi-Leh,4900,0,145,15,1000,True,2026-11-01,2027-03-31,True,1.0
F0214E,O02,D14,SIM Air E Delhi-Leh,4000,1,325,15,1500,True,2026-11-01,2027-03-31,True,1.0
F0215D,O02,D15,SIM Air D Delhi-Agra,5600,0,160,15,1000,True,2026-11-01,2027-03-31,True,1.0
F0215E,O02,D15,SIM Air E Delhi-Agra,4700,1,340,15,1500,True,2026-11-01,2027-03-31,True,1.0
F0216D,O02,D16,SIM Air D Delhi-Pondicherry,4800,0,100,15,1000,True,2026-11-01,2027-03-31,True,1.0
F0216E,O02,D16,SIM Air E Delhi-Pondicherry,3900,1,280,15,1500,True,2026-11-01,2027-03-31,True,1.0
F0217D,O02,D17,SIM Air D Delhi-Ooty,5500,0,115,15,1000,True,2026-11-01,2027-03-31,True,1.0
F0217E,O02,D17,SIM Air E Delhi-Ooty,4600,1,295,15,1500,True,2026-11-01,2027-03-31,True,1.0
F0218D,O02,D18,SIM Air D Delhi-Madurai,4700,0,130,15,1000,True,2026-11-01,2027-03-31,True,1.0
F0218E,O02,D18,SIM Air E Delhi-Madurai,3800,1,310,15,1500,True,2026-11-01,2027-03-31,True,1.0
F0219D,O02,D19,SIM Air D Delhi-Puri,5400,0,145,15,1000,True,2026-11-01,2027-03-31,True,1.0
F0219E,O02,D19,SIM Air E Delhi-Puri,4500,1,325,15,1500,True,2026-11-01,2027-03-31,True,1.0
F0220D,O02,D20,SIM Air D Delhi-Khajuraho,4600,0,160,15,1000,True,2026-11-01,2027-03-31,True,1.0
F0220E,O02,D20,SIM Air E Delhi-Khajuraho,3700,1,340,15,1500,True,2026-11-01,2027-03-31,True,1.0
F0301D,O03,D01,SIM Air D Bengaluru-Goa,5100,0,100,15,1000,True,2026-11-01,2027-03-31,True,1.0
F0301E,O03,D01,SIM Air E Bengaluru-Goa,4200,1,280,15,1500,True,2026-11-01,2027-03-31,True,1.0
F0302D,O03,D02,SIM Air D Bengaluru-Jaipur,5800,0,115,15,1000,True,2026-11-01,2027-03-31,True,1.0
F0302E,O03,D02,SIM Air E Bengaluru-Jaipur,4900,1,295,15,1500,True,2026-11-01,2027-03-31,True,1.0
F0303D,O03,D03,SIM Air D Bengaluru-Udaipur,5000,0,130,15,1000,True,2026-11-01,2027-03-31,True,1.0
F0303E,O03,D03,SIM Air E Bengaluru-Udaipur,4100,1,310,15,1500,True,2026-11-01,2027-03-31,True,1.0
F0304D,O03,D04,SIM Air D Bengaluru-Kochi,5700,0,145,15,1000,True,2026-11-01,2027-03-31,True,1.0
F0304E,O03,D04,SIM Air E Bengaluru-Kochi,4800,1,325,15,1500,True,2026-11-01,2027-03-31,True,1.0
F0305D,O03,D05,SIM Air D Bengaluru-Mysuru,4900,0,160,15,1000,True,2026-11-01,2027-03-31,True,1.0
F0305E,O03,D05,SIM Air E Bengaluru-Mysuru,4000,1,340,15,1500,True,2026-11-01,2027-03-31,True,1.0
F0306D,O03,D06,SIM Air D Bengaluru-Varanasi,5600,0,100,15,1000,True,2026-11-01,2027-03-31,True,1.0
F0306E,O03,D06,SIM Air E Bengaluru-Varanasi,4700,1,280,15,1500,True,2026-11-01,2027-03-31,True,1.0
F0307D,O03,D07,SIM Air D Bengaluru-Amritsar,4800,0,115,15,1000,True,2026-11-01,2027-03-31,True,1.0
F0307E,O03,D07,SIM Air E Bengaluru-Amritsar,3900,1,295,15,1500,True,2026-11-01,2027-03-31,True,1.0
F0308D,O03,D08,SIM Air D Bengaluru-Rishikesh,5500,0,130,15,1000,True,2026-11-01,2027-03-31,True,1.0
F0308E,O03,D08,SIM Air E Bengaluru-Rishikesh,4600,1,310,15,1500,True,2026-11-01,2027-03-31,True,1.0
F0309D,O03,D09,SIM Air D Bengaluru-Shimla,4700,0,145,15,1000,True,2026-11-01,2027-03-31,True,1.0
F0309E,O03,D09,SIM Air E Bengaluru-Shimla,3800,1,325,15,1500,True,2026-11-01,2027-03-31,True,1.0
F0310D,O03,D10,SIM Air D Bengaluru-Manali,5400,0,160,15,1000,True,2026-11-01,2027-03-31,True,1.0
F0310E,O03,D10,SIM Air E Bengaluru-Manali,4500,1,340,15,1500,True,2026-11-01,2027-03-31,True,1.0
F0311D,O03,D11,SIM Air D Bengaluru-Darjeeling,4600,0,100,15,1000,True,2026-11-01,2027-03-31,True,1.0
F0311E,O03,D11,SIM Air E Bengaluru-Darjeeling,3700,1,280,15,1500,True,2026-11-01,2027-03-31,True,1.0
F0312D,O03,D12,SIM Air D Bengaluru-Gangtok,5300,0,115,15,1000,True,2026-11-01,2027-03-31,True,1.0
F0312E,O03,D12,SIM Air E Bengaluru-Gangtok,4400,1,295,15,1500,True,2026-11-01,2027-03-31,True,1.0
F0313D,O03,D13,SIM Air D Bengaluru-Srinagar,4500,0,130,15,1000,True,2026-11-01,2027-03-31,True,1.0
F0313E,O03,D13,SIM Air E Bengaluru-Srinagar,3600,1,310,15,1500,True,2026-11-01,2027-03-31,True,1.0
F0314D,O03,D14,SIM Air D Bengaluru-Leh,5200,0,145,15,1000,True,2026-11-01,2027-03-31,True,1.0
F0314E,O03,D14,SIM Air E Bengaluru-Leh,4300,1,325,15,1500,True,2026-11-01,2027-03-31,True,1.0
F0315D,O03,D15,SIM Air D Bengaluru-Agra,5900,0,160,15,1000,True,2026-11-01,2027-03-31,True,1.0
F0315E,O03,D15,SIM Air E Bengaluru-Agra,5000,1,340,15,1500,True,2026-11-01,2027-03-31,True,1.0
F0316D,O03,D16,SIM Air D Bengaluru-Pondicherry,5100,0,100,15,1000,True,2026-11-01,2027-03-31,True,1.0
F0316E,O03,D16,SIM Air E Bengaluru-Pondicherry,4200,1,280,15,1500,True,2026-11-01,2027-03-31,True,1.0
F0317D,O03,D17,SIM Air D Bengaluru-Ooty,5800,0,115,15,1000,True,2026-11-01,2027-03-31,True,1.0
F0317E,O03,D17,SIM Air E Bengaluru-Ooty,4900,1,295,15,1500,True,2026-11-01,2027-03-31,True,1.0
F0318D,O03,D18,SIM Air D Bengaluru-Madurai,5000,0,130,15,1000,True,2026-11-01,2027-03-31,True,1.0
F0318E,O03,D18,SIM Air E Bengaluru-Madurai,4100,1,310,15,1500,True,2026-11-01,2027-03-31,True,1.0
F0319D,O03,D19,SIM Air D Bengaluru-Puri,5700,0,145,15,1000,True,2026-11-01,2027-03-31,True,1.0
F0319E,O03,D19,SIM Air E Bengaluru-Puri,4800,1,325,15,1500,True,2026-11-01,2027-03-31,True,1.0
F0320D,O03,D20,SIM Air D Bengaluru-Khajuraho,4900,0,160,15,1000,True,2026-11-01,2027-03-31,True,1.0
F0320E,O03,D20,SIM Air E Bengaluru-Khajuraho,4000,1,340,15,1500,True,2026-11-01,2027-03-31,True,1.0
F0401D,O04,D01,SIM Air D Kolkata-Goa,5400,0,100,15,1000,True,2026-11-01,2027-03-31,True,1.0
F0401E,O04,D01,SIM Air E Kolkata-Goa,4500,1,280,15,1500,True,2026-11-01,2027-03-31,True,1.0
F0402D,O04,D02,SIM Air D Kolkata-Jaipur,4600,0,115,15,1000,True,2026-11-01,2027-03-31,True,1.0
F0402E,O04,D02,SIM Air E Kolkata-Jaipur,3700,1,295,15,1500,True,2026-11-01,2027-03-31,True,1.0
F0403D,O04,D03,SIM Air D Kolkata-Udaipur,5300,0,130,15,1000,True,2026-11-01,2027-03-31,True,1.0
F0403E,O04,D03,SIM Air E Kolkata-Udaipur,4400,1,310,15,1500,True,2026-11-01,2027-03-31,True,1.0
F0404D,O04,D04,SIM Air D Kolkata-Kochi,4500,0,145,15,1000,True,2026-11-01,2027-03-31,True,1.0
F0404E,O04,D04,SIM Air E Kolkata-Kochi,3600,1,325,15,1500,True,2026-11-01,2027-03-31,True,1.0
F0405D,O04,D05,SIM Air D Kolkata-Mysuru,5200,0,160,15,1000,True,2026-11-01,2027-03-31,True,1.0
F0405E,O04,D05,SIM Air E Kolkata-Mysuru,4300,1,340,15,1500,True,2026-11-01,2027-03-31,True,1.0
F0406D,O04,D06,SIM Air D Kolkata-Varanasi,5900,0,100,15,1000,True,2026-11-01,2027-03-31,True,1.0
F0406E,O04,D06,SIM Air E Kolkata-Varanasi,5000,1,280,15,1500,True,2026-11-01,2027-03-31,True,1.0
F0407D,O04,D07,SIM Air D Kolkata-Amritsar,5100,0,115,15,1000,True,2026-11-01,2027-03-31,True,1.0
F0407E,O04,D07,SIM Air E Kolkata-Amritsar,4200,1,295,15,1500,True,2026-11-01,2027-03-31,True,1.0
F0408D,O04,D08,SIM Air D Kolkata-Rishikesh,5800,0,130,15,1000,True,2026-11-01,2027-03-31,True,1.0
F0408E,O04,D08,SIM Air E Kolkata-Rishikesh,4900,1,310,15,1500,True,2026-11-01,2027-03-31,True,1.0
F0409D,O04,D09,SIM Air D Kolkata-Shimla,5000,0,145,15,1000,True,2026-11-01,2027-03-31,True,1.0
F0409E,O04,D09,SIM Air E Kolkata-Shimla,4100,1,325,15,1500,True,2026-11-01,2027-03-31,True,1.0
F0410D,O04,D10,SIM Air D Kolkata-Manali,5700,0,160,15,1000,True,2026-11-01,2027-03-31,True,1.0
F0410E,O04,D10,SIM Air E Kolkata-Manali,4800,1,340,15,1500,True,2026-11-01,2027-03-31,True,1.0
F0411D,O04,D11,SIM Air D Kolkata-Darjeeling,4900,0,100,15,1000,True,2026-11-01,2027-03-31,True,1.0
F0411E,O04,D11,SIM Air E Kolkata-Darjeeling,4000,1,280,15,1500,True,2026-11-01,2027-03-31,True,1.0
F0412D,O04,D12,SIM Air D Kolkata-Gangtok,5600,0,115,15,1000,True,2026-11-01,2027-03-31,True,1.0
F0412E,O04,D12,SIM Air E Kolkata-Gangtok,4700,1,295,15,1500,True,2026-11-01,2027-03-31,True,1.0
F0413D,O04,D13,SIM Air D Kolkata-Srinagar,4800,0,130,15,1000,True,2026-11-01,2027-03-31,True,1.0
F0413E,O04,D13,SIM Air E Kolkata-Srinagar,3900,1,310,15,1500,True,2026-11-01,2027-03-31,True,1.0
F0414D,O04,D14,SIM Air D Kolkata-Leh,5500,0,145,15,1000,True,2026-11-01,2027-03-31,True,1.0
F0414E,O04,D14,SIM Air E Kolkata-Leh,4600,1,325,15,1500,True,2026-11-01,2027-03-31,True,1.0
F0415D,O04,D15,SIM Air D Kolkata-Agra,4700,0,160,15,1000,True,2026-11-01,2027-03-31,True,1.0
F0415E,O04,D15,SIM Air E Kolkata-Agra,3800,1,340,15,1500,True,2026-11-01,2027-03-31,True,1.0
F0416D,O04,D16,SIM Air D Kolkata-Pondicherry,5400,0,100,15,1000,True,2026-11-01,2027-03-31,True,1.0
F0416E,O04,D16,SIM Air E Kolkata-Pondicherry,4500,1,280,15,1500,True,2026-11-01,2027-03-31,True,1.0
F0417D,O04,D17,SIM Air D Kolkata-Ooty,4600,0,115,15,1000,True,2026-11-01,2027-03-31,True,1.0
F0417E,O04,D17,SIM Air E Kolkata-Ooty,3700,1,295,15,1500,True,2026-11-01,2027-03-31,True,1.0
F0418D,O04,D18,SIM Air D Kolkata-Madurai,5300,0,130,15,1000,True,2026-11-01,2027-03-31,True,1.0
F0418E,O04,D18,SIM Air E Kolkata-Madurai,4400,1,310,15,1500,True,2026-11-01,2027-03-31,True,1.0
F0419D,O04,D19,SIM Air D Kolkata-Puri,4500,0,145,15,1000,True,2026-11-01,2027-03-31,True,1.0
F0419E,O04,D19,SIM Air E Kolkata-Puri,3600,1,325,15,1500,True,2026-11-01,2027-03-31,True,1.0
F0420D,O04,D20,SIM Air D Kolkata-Khajuraho,5200,0,160,15,1000,True,2026-11-01,2027-03-31,True,1.0
F0420E,O04,D20,SIM Air E Kolkata-Khajuraho,4300,1,340,15,1500,True,2026-11-01,2027-03-31,True,1.0
F0501D,O05,D01,SIM Air D Hyderabad-Goa,5700,0,100,15,1000,True,2026-11-01,2027-03-31,True,1.0
F0501E,O05,D01,SIM Air E Hyderabad-Goa,4800,1,280,15,1500,True,2026-11-01,2027-03-31,True,1.0
F0502D,O05,D02,SIM Air D Hyderabad-Jaipur,4900,0,115,15,1000,True,2026-11-01,2027-03-31,True,1.0
F0502E,O05,D02,SIM Air E Hyderabad-Jaipur,4000,1,295,15,1500,True,2026-11-01,2027-03-31,True,1.0
F0503D,O05,D03,SIM Air D Hyderabad-Udaipur,5600,0,130,15,1000,True,2026-11-01,2027-03-31,True,1.0
F0503E,O05,D03,SIM Air E Hyderabad-Udaipur,4700,1,310,15,1500,True,2026-11-01,2027-03-31,True,1.0
F0504D,O05,D04,SIM Air D Hyderabad-Kochi,4800,0,145,15,1000,True,2026-11-01,2027-03-31,True,1.0
F0504E,O05,D04,SIM Air E Hyderabad-Kochi,3900,1,325,15,1500,True,2026-11-01,2027-03-31,True,1.0
F0505D,O05,D05,SIM Air D Hyderabad-Mysuru,5500,0,160,15,1000,True,2026-11-01,2027-03-31,True,1.0
F0505E,O05,D05,SIM Air E Hyderabad-Mysuru,4600,1,340,15,1500,True,2026-11-01,2027-03-31,True,1.0
F0506D,O05,D06,SIM Air D Hyderabad-Varanasi,4700,0,100,15,1000,True,2026-11-01,2027-03-31,True,1.0
F0506E,O05,D06,SIM Air E Hyderabad-Varanasi,3800,1,280,15,1500,True,2026-11-01,2027-03-31,True,1.0
F0507D,O05,D07,SIM Air D Hyderabad-Amritsar,5400,0,115,15,1000,True,2026-11-01,2027-03-31,True,1.0
F0507E,O05,D07,SIM Air E Hyderabad-Amritsar,4500,1,295,15,1500,True,2026-11-01,2027-03-31,True,1.0
F0508D,O05,D08,SIM Air D Hyderabad-Rishikesh,4600,0,130,15,1000,True,2026-11-01,2027-03-31,True,1.0
F0508E,O05,D08,SIM Air E Hyderabad-Rishikesh,3700,1,310,15,1500,True,2026-11-01,2027-03-31,True,1.0
F0509D,O05,D09,SIM Air D Hyderabad-Shimla,5300,0,145,15,1000,True,2026-11-01,2027-03-31,True,1.0
F0509E,O05,D09,SIM Air E Hyderabad-Shimla,4400,1,325,15,1500,True,2026-11-01,2027-03-31,True,1.0
F0510D,O05,D10,SIM Air D Hyderabad-Manali,4500,0,160,15,1000,True,2026-11-01,2027-03-31,True,1.0
F0510E,O05,D10,SIM Air E Hyderabad-Manali,3600,1,340,15,1500,True,2026-11-01,2027-03-31,True,1.0
F0511D,O05,D11,SIM Air D Hyderabad-Darjeeling,5200,0,100,15,1000,True,2026-11-01,2027-03-31,True,1.0
F0511E,O05,D11,SIM Air E Hyderabad-Darjeeling,4300,1,280,15,1500,True,2026-11-01,2027-03-31,True,1.0
F0512D,O05,D12,SIM Air D Hyderabad-Gangtok,5900,0,115,15,1000,True,2026-11-01,2027-03-31,True,1.0
F0512E,O05,D12,SIM Air E Hyderabad-Gangtok,5000,1,295,15,1500,True,2026-11-01,2027-03-31,True,1.0
F0513D,O05,D13,SIM Air D Hyderabad-Srinagar,5100,0,130,15,1000,True,2026-11-01,2027-03-31,True,1.0
F0513E,O05,D13,SIM Air E Hyderabad-Srinagar,4200,1,310,15,1500,True,2026-11-01,2027-03-31,True,1.0
F0514D,O05,D14,SIM Air D Hyderabad-Leh,5800,0,145,15,1000,True,2026-11-01,2027-03-31,True,1.0
F0514E,O05,D14,SIM Air E Hyderabad-Leh,4900,1,325,15,1500,True,2026-11-01,2027-03-31,True,1.0
F0515D,O05,D15,SIM Air D Hyderabad-Agra,5000,0,160,15,1000,True,2026-11-01,2027-03-31,True,1.0
F0515E,O05,D15,SIM Air E Hyderabad-Agra,4100,1,340,15,1500,True,2026-11-01,2027-03-31,True,1.0
F0516D,O05,D16,SIM Air D Hyderabad-Pondicherry,5700,0,100,15,1000,True,2026-11-01,2027-03-31,True,1.0
F0516E,O05,D16,SIM Air E Hyderabad-Pondicherry,4800,1,280,15,1500,True,2026-11-01,2027-03-31,True,1.0
F0517D,O05,D17,SIM Air D Hyderabad-Ooty,4900,0,115,15,1000,True,2026-11-01,2027-03-31,True,1.0
F0517E,O05,D17,SIM Air E Hyderabad-Ooty,4000,1,295,15,1500,True,2026-11-01,2027-03-31,True,1.0
F0518D,O05,D18,SIM Air D Hyderabad-Madurai,5600,0,130,15,1000,True,2026-11-01,2027-03-31,True,1.0
F0518E,O05,D18,SIM Air E Hyderabad-Madurai,4700,1,310,15,1500,True,2026-11-01,2027-03-31,True,1.0
F0519D,O05,D19,SIM Air D Hyderabad-Puri,4800,0,145,15,1000,True,2026-11-01,2027-03-31,True,1.0
F0519E,O05,D19,SIM Air E Hyderabad-Puri,3900,1,325,15,1500,True,2026-11-01,2027-03-31,True,1.0
F0520D,O05,D20,SIM Air D Hyderabad-Khajuraho,5500,0,160,15,1000,True,2026-11-01,2027-03-31,True,1.0
F0520E,O05,D20,SIM Air E Hyderabad-Khajuraho,4600,1,340,15,1500,True,2026-11-01,2027-03-31,True,1.0
F0602D,O06,D02,SIM Air D Goa-Jaipur,5200,0,115,15,1000,True,2026-11-01,2027-03-31,True,1.0
F0602E,O06,D02,SIM Air E Goa-Jaipur,4300,1,295,15,1500,True,2026-11-01,2027-03-31,True,1.0
F0603D,O06,D03,SIM Air D Goa-Udaipur,5900,0,130,15,1000,True,2026-11-01,2027-03-31,True,1.0
F0603E,O06,D03,SIM Air E Goa-Udaipur,5000,1,310,15,1500,True,2026-11-01,2027-03-31,True,1.0
F0604D,O06,D04,SIM Air D Goa-Kochi,5100,0,145,15,1000,True,2026-11-01,2027-03-31,True,1.0
F0604E,O06,D04,SIM Air E Goa-Kochi,4200,1,325,15,1500,True,2026-11-01,2027-03-31,True,1.0
F0605D,O06,D05,SIM Air D Goa-Mysuru,5800,0,160,15,1000,True,2026-11-01,2027-03-31,True,1.0
F0605E,O06,D05,SIM Air E Goa-Mysuru,4900,1,340,15,1500,True,2026-11-01,2027-03-31,True,1.0
F0606D,O06,D06,SIM Air D Goa-Varanasi,5000,0,100,15,1000,True,2026-11-01,2027-03-31,True,1.0
F0606E,O06,D06,SIM Air E Goa-Varanasi,4100,1,280,15,1500,True,2026-11-01,2027-03-31,True,1.0
F0607D,O06,D07,SIM Air D Goa-Amritsar,5700,0,115,15,1000,True,2026-11-01,2027-03-31,True,1.0
F0607E,O06,D07,SIM Air E Goa-Amritsar,4800,1,295,15,1500,True,2026-11-01,2027-03-31,True,1.0
F0608D,O06,D08,SIM Air D Goa-Rishikesh,4900,0,130,15,1000,True,2026-11-01,2027-03-31,True,1.0
F0608E,O06,D08,SIM Air E Goa-Rishikesh,4000,1,310,15,1500,True,2026-11-01,2027-03-31,True,1.0
F0609D,O06,D09,SIM Air D Goa-Shimla,5600,0,145,15,1000,True,2026-11-01,2027-03-31,True,1.0
F0609E,O06,D09,SIM Air E Goa-Shimla,4700,1,325,15,1500,True,2026-11-01,2027-03-31,True,1.0
F0610D,O06,D10,SIM Air D Goa-Manali,4800,0,160,15,1000,True,2026-11-01,2027-03-31,True,1.0
F0610E,O06,D10,SIM Air E Goa-Manali,3900,1,340,15,1500,True,2026-11-01,2027-03-31,True,1.0
F0611D,O06,D11,SIM Air D Goa-Darjeeling,5500,0,100,15,1000,True,2026-11-01,2027-03-31,True,1.0
F0611E,O06,D11,SIM Air E Goa-Darjeeling,4600,1,280,15,1500,True,2026-11-01,2027-03-31,True,1.0
F0612D,O06,D12,SIM Air D Goa-Gangtok,4700,0,115,15,1000,True,2026-11-01,2027-03-31,True,1.0
F0612E,O06,D12,SIM Air E Goa-Gangtok,3800,1,295,15,1500,True,2026-11-01,2027-03-31,True,1.0
F0613D,O06,D13,SIM Air D Goa-Srinagar,5400,0,130,15,1000,True,2026-11-01,2027-03-31,True,1.0
F0613E,O06,D13,SIM Air E Goa-Srinagar,4500,1,310,15,1500,True,2026-11-01,2027-03-31,True,1.0
F0614D,O06,D14,SIM Air D Goa-Leh,4600,0,145,15,1000,True,2026-11-01,2027-03-31,True,1.0
F0614E,O06,D14,SIM Air E Goa-Leh,3700,1,325,15,1500,True,2026-11-01,2027-03-31,True,1.0
F0615D,O06,D15,SIM Air D Goa-Agra,5300,0,160,15,1000,True,2026-11-01,2027-03-31,True,1.0
F0615E,O06,D15,SIM Air E Goa-Agra,4400,1,340,15,1500,True,2026-11-01,2027-03-31,True,1.0
F0616D,O06,D16,SIM Air D Goa-Pondicherry,4500,0,100,15,1000,True,2026-11-01,2027-03-31,True,1.0
F0616E,O06,D16,SIM Air E Goa-Pondicherry,3600,1,280,15,1500,True,2026-11-01,2027-03-31,True,1.0
F0617D,O06,D17,SIM Air D Goa-Ooty,5200,0,115,15,1000,True,2026-11-01,2027-03-31,True,1.0
F0617E,O06,D17,SIM Air E Goa-Ooty,4300,1,295,15,1500,True,2026-11-01,2027-03-31,True,1.0
F0618D,O06,D18,SIM Air D Goa-Madurai,5900,0,130,15,1000,True,2026-11-01,2027-03-31,True,1.0
F0618E,O06,D18,SIM Air E Goa-Madurai,5000,1,310,15,1500,True,2026-11-01,2027-03-31,True,1.0
F0619D,O06,D19,SIM Air D Goa-Puri,5100,0,145,15,1000,True,2026-11-01,2027-03-31,True,1.0
F0619E,O06,D19,SIM Air E Goa-Puri,4200,1,325,15,1500,True,2026-11-01,2027-03-31,True,1.0
F0620D,O06,D20,SIM Air D Goa-Khajuraho,5800,0,160,15,1000,True,2026-11-01,2027-03-31,True,1.0
F0620E,O06,D20,SIM Air E Goa-Khajuraho,4900,1,340,15,1500,True,2026-11-01,2027-03-31,True,1.0
F0701D,O07,D01,SIM Air D Jaipur-Goa,4800,0,100,15,1000,True,2026-11-01,2027-03-31,True,1.0
F0701E,O07,D01,SIM Air E Jaipur-Goa,3900,1,280,15,1500,True,2026-11-01,2027-03-31,True,1.0
F0703D,O07,D03,SIM Air D Jaipur-Udaipur,4700,0,130,15,1000,True,2026-11-01,2027-03-31,True,1.0
F0703E,O07,D03,SIM Air E Jaipur-Udaipur,3800,1,310,15,1500,True,2026-11-01,2027-03-31,True,1.0
F0704D,O07,D04,SIM Air D Jaipur-Kochi,5400,0,145,15,1000,True,2026-11-01,2027-03-31,True,1.0
F0704E,O07,D04,SIM Air E Jaipur-Kochi,4500,1,325,15,1500,True,2026-11-01,2027-03-31,True,1.0
F0705D,O07,D05,SIM Air D Jaipur-Mysuru,4600,0,160,15,1000,True,2026-11-01,2027-03-31,True,1.0
F0705E,O07,D05,SIM Air E Jaipur-Mysuru,3700,1,340,15,1500,True,2026-11-01,2027-03-31,True,1.0
F0706D,O07,D06,SIM Air D Jaipur-Varanasi,5300,0,100,15,1000,True,2026-11-01,2027-03-31,True,1.0
F0706E,O07,D06,SIM Air E Jaipur-Varanasi,4400,1,280,15,1500,True,2026-11-01,2027-03-31,True,1.0
F0707D,O07,D07,SIM Air D Jaipur-Amritsar,4500,0,115,15,1000,True,2026-11-01,2027-03-31,True,1.0
F0707E,O07,D07,SIM Air E Jaipur-Amritsar,3600,1,295,15,1500,True,2026-11-01,2027-03-31,True,1.0
F0708D,O07,D08,SIM Air D Jaipur-Rishikesh,5200,0,130,15,1000,True,2026-11-01,2027-03-31,True,1.0
F0708E,O07,D08,SIM Air E Jaipur-Rishikesh,4300,1,310,15,1500,True,2026-11-01,2027-03-31,True,1.0
F0709D,O07,D09,SIM Air D Jaipur-Shimla,5900,0,145,15,1000,True,2026-11-01,2027-03-31,True,1.0
F0709E,O07,D09,SIM Air E Jaipur-Shimla,5000,1,325,15,1500,True,2026-11-01,2027-03-31,True,1.0
F0710D,O07,D10,SIM Air D Jaipur-Manali,5100,0,160,15,1000,True,2026-11-01,2027-03-31,True,1.0
F0710E,O07,D10,SIM Air E Jaipur-Manali,4200,1,340,15,1500,True,2026-11-01,2027-03-31,True,1.0
F0711D,O07,D11,SIM Air D Jaipur-Darjeeling,5800,0,100,15,1000,True,2026-11-01,2027-03-31,True,1.0
F0711E,O07,D11,SIM Air E Jaipur-Darjeeling,4900,1,280,15,1500,True,2026-11-01,2027-03-31,True,1.0
F0712D,O07,D12,SIM Air D Jaipur-Gangtok,5000,0,115,15,1000,True,2026-11-01,2027-03-31,True,1.0
F0712E,O07,D12,SIM Air E Jaipur-Gangtok,4100,1,295,15,1500,True,2026-11-01,2027-03-31,True,1.0
F0713D,O07,D13,SIM Air D Jaipur-Srinagar,5700,0,130,15,1000,True,2026-11-01,2027-03-31,True,1.0
F0713E,O07,D13,SIM Air E Jaipur-Srinagar,4800,1,310,15,1500,True,2026-11-01,2027-03-31,True,1.0
F0714D,O07,D14,SIM Air D Jaipur-Leh,4900,0,145,15,1000,True,2026-11-01,2027-03-31,True,1.0
F0714E,O07,D14,SIM Air E Jaipur-Leh,4000,1,325,15,1500,True,2026-11-01,2027-03-31,True,1.0
F0715D,O07,D15,SIM Air D Jaipur-Agra,5600,0,160,15,1000,True,2026-11-01,2027-03-31,True,1.0
F0715E,O07,D15,SIM Air E Jaipur-Agra,4700,1,340,15,1500,True,2026-11-01,2027-03-31,True,1.0
F0716D,O07,D16,SIM Air D Jaipur-Pondicherry,4800,0,100,15,1000,True,2026-11-01,2027-03-31,True,1.0
F0716E,O07,D16,SIM Air E Jaipur-Pondicherry,3900,1,280,15,1500,True,2026-11-01,2027-03-31,True,1.0
F0717D,O07,D17,SIM Air D Jaipur-Ooty,5500,0,115,15,1000,True,2026-11-01,2027-03-31,True,1.0
F0717E,O07,D17,SIM Air E Jaipur-Ooty,4600,1,295,15,1500,True,2026-11-01,2027-03-31,True,1.0
F0718D,O07,D18,SIM Air D Jaipur-Madurai,4700,0,130,15,1000,True,2026-11-01,2027-03-31,True,1.0
F0718E,O07,D18,SIM Air E Jaipur-Madurai,3800,1,310,15,1500,True,2026-11-01,2027-03-31,True,1.0
F0719D,O07,D19,SIM Air D Jaipur-Puri,5400,0,145,15,1000,True,2026-11-01,2027-03-31,True,1.0
F0719E,O07,D19,SIM Air E Jaipur-Puri,4500,1,325,15,1500,True,2026-11-01,2027-03-31,True,1.0
F0720D,O07,D20,SIM Air D Jaipur-Khajuraho,4600,0,160,15,1000,True,2026-11-01,2027-03-31,True,1.0
F0720E,O07,D20,SIM Air E Jaipur-Khajuraho,3700,1,340,15,1500,True,2026-11-01,2027-03-31,True,1.0
F0801D,O08,D01,SIM Air D Udaipur-Goa,5100,0,100,15,1000,True,2026-11-01,2027-03-31,True,1.0
F0801E,O08,D01,SIM Air E Udaipur-Goa,4200,1,280,15,1500,True,2026-11-01,2027-03-31,True,1.0
F0802D,O08,D02,SIM Air D Udaipur-Jaipur,5800,0,115,15,1000,True,2026-11-01,2027-03-31,True,1.0
F0802E,O08,D02,SIM Air E Udaipur-Jaipur,4900,1,295,15,1500,True,2026-11-01,2027-03-31,True,1.0
F0804D,O08,D04,SIM Air D Udaipur-Kochi,5700,0,145,15,1000,True,2026-11-01,2027-03-31,True,1.0
F0804E,O08,D04,SIM Air E Udaipur-Kochi,4800,1,325,15,1500,True,2026-11-01,2027-03-31,True,1.0
F0805D,O08,D05,SIM Air D Udaipur-Mysuru,4900,0,160,15,1000,True,2026-11-01,2027-03-31,True,1.0
F0805E,O08,D05,SIM Air E Udaipur-Mysuru,4000,1,340,15,1500,True,2026-11-01,2027-03-31,True,1.0
F0806D,O08,D06,SIM Air D Udaipur-Varanasi,5600,0,100,15,1000,True,2026-11-01,2027-03-31,True,1.0
F0806E,O08,D06,SIM Air E Udaipur-Varanasi,4700,1,280,15,1500,True,2026-11-01,2027-03-31,True,1.0
F0807D,O08,D07,SIM Air D Udaipur-Amritsar,4800,0,115,15,1000,True,2026-11-01,2027-03-31,True,1.0
F0807E,O08,D07,SIM Air E Udaipur-Amritsar,3900,1,295,15,1500,True,2026-11-01,2027-03-31,True,1.0
F0808D,O08,D08,SIM Air D Udaipur-Rishikesh,5500,0,130,15,1000,True,2026-11-01,2027-03-31,True,1.0
F0808E,O08,D08,SIM Air E Udaipur-Rishikesh,4600,1,310,15,1500,True,2026-11-01,2027-03-31,True,1.0
F0809D,O08,D09,SIM Air D Udaipur-Shimla,4700,0,145,15,1000,True,2026-11-01,2027-03-31,True,1.0
F0809E,O08,D09,SIM Air E Udaipur-Shimla,3800,1,325,15,1500,True,2026-11-01,2027-03-31,True,1.0
F0810D,O08,D10,SIM Air D Udaipur-Manali,5400,0,160,15,1000,True,2026-11-01,2027-03-31,True,1.0
F0810E,O08,D10,SIM Air E Udaipur-Manali,4500,1,340,15,1500,True,2026-11-01,2027-03-31,True,1.0
F0811D,O08,D11,SIM Air D Udaipur-Darjeeling,4600,0,100,15,1000,True,2026-11-01,2027-03-31,True,1.0
F0811E,O08,D11,SIM Air E Udaipur-Darjeeling,3700,1,280,15,1500,True,2026-11-01,2027-03-31,True,1.0
F0812D,O08,D12,SIM Air D Udaipur-Gangtok,5300,0,115,15,1000,True,2026-11-01,2027-03-31,True,1.0
F0812E,O08,D12,SIM Air E Udaipur-Gangtok,4400,1,295,15,1500,True,2026-11-01,2027-03-31,True,1.0
F0813D,O08,D13,SIM Air D Udaipur-Srinagar,4500,0,130,15,1000,True,2026-11-01,2027-03-31,True,1.0
F0813E,O08,D13,SIM Air E Udaipur-Srinagar,3600,1,310,15,1500,True,2026-11-01,2027-03-31,True,1.0
F0814D,O08,D14,SIM Air D Udaipur-Leh,5200,0,145,15,1000,True,2026-11-01,2027-03-31,True,1.0
F0814E,O08,D14,SIM Air E Udaipur-Leh,4300,1,325,15,1500,True,2026-11-01,2027-03-31,True,1.0
F0815D,O08,D15,SIM Air D Udaipur-Agra,5900,0,160,15,1000,True,2026-11-01,2027-03-31,True,1.0
F0815E,O08,D15,SIM Air E Udaipur-Agra,5000,1,340,15,1500,True,2026-11-01,2027-03-31,True,1.0
F0816D,O08,D16,SIM Air D Udaipur-Pondicherry,5100,0,100,15,1000,True,2026-11-01,2027-03-31,True,1.0
F0816E,O08,D16,SIM Air E Udaipur-Pondicherry,4200,1,280,15,1500,True,2026-11-01,2027-03-31,True,1.0
F0817D,O08,D17,SIM Air D Udaipur-Ooty,5800,0,115,15,1000,True,2026-11-01,2027-03-31,True,1.0
F0817E,O08,D17,SIM Air E Udaipur-Ooty,4900,1,295,15,1500,True,2026-11-01,2027-03-31,True,1.0
F0818D,O08,D18,SIM Air D Udaipur-Madurai,5000,0,130,15,1000,True,2026-11-01,2027-03-31,True,1.0
F0818E,O08,D18,SIM Air E Udaipur-Madurai,4100,1,310,15,1500,True,2026-11-01,2027-03-31,True,1.0
F0819D,O08,D19,SIM Air D Udaipur-Puri,5700,0,145,15,1000,True,2026-11-01,2027-03-31,True,1.0
F0819E,O08,D19,SIM Air E Udaipur-Puri,4800,1,325,15,1500,True,2026-11-01,2027-03-31,True,1.0
F0820D,O08,D20,SIM Air D Udaipur-Khajuraho,4900,0,160,15,1000,True,2026-11-01,2027-03-31,True,1.0
F0820E,O08,D20,SIM Air E Udaipur-Khajuraho,4000,1,340,15,1500,True,2026-11-01,2027-03-31,True,1.0
F0901D,O09,D01,SIM Air D Kochi-Goa,5400,0,100,15,1000,True,2026-11-01,2027-03-31,True,1.0
F0901E,O09,D01,SIM Air E Kochi-Goa,4500,1,280,15,1500,True,2026-11-01,2027-03-31,True,1.0
F0902D,O09,D02,SIM Air D Kochi-Jaipur,4600,0,115,15,1000,True,2026-11-01,2027-03-31,True,1.0
F0902E,O09,D02,SIM Air E Kochi-Jaipur,3700,1,295,15,1500,True,2026-11-01,2027-03-31,True,1.0
F0903D,O09,D03,SIM Air D Kochi-Udaipur,5300,0,130,15,1000,True,2026-11-01,2027-03-31,True,1.0
F0903E,O09,D03,SIM Air E Kochi-Udaipur,4400,1,310,15,1500,True,2026-11-01,2027-03-31,True,1.0
F0905D,O09,D05,SIM Air D Kochi-Mysuru,5200,0,160,15,1000,True,2026-11-01,2027-03-31,True,1.0
F0905E,O09,D05,SIM Air E Kochi-Mysuru,4300,1,340,15,1500,True,2026-11-01,2027-03-31,True,1.0
F0906D,O09,D06,SIM Air D Kochi-Varanasi,5900,0,100,15,1000,True,2026-11-01,2027-03-31,True,1.0
F0906E,O09,D06,SIM Air E Kochi-Varanasi,5000,1,280,15,1500,True,2026-11-01,2027-03-31,True,1.0
F0907D,O09,D07,SIM Air D Kochi-Amritsar,5100,0,115,15,1000,True,2026-11-01,2027-03-31,True,1.0
F0907E,O09,D07,SIM Air E Kochi-Amritsar,4200,1,295,15,1500,True,2026-11-01,2027-03-31,True,1.0
F0908D,O09,D08,SIM Air D Kochi-Rishikesh,5800,0,130,15,1000,True,2026-11-01,2027-03-31,True,1.0
F0908E,O09,D08,SIM Air E Kochi-Rishikesh,4900,1,310,15,1500,True,2026-11-01,2027-03-31,True,1.0
F0909D,O09,D09,SIM Air D Kochi-Shimla,5000,0,145,15,1000,True,2026-11-01,2027-03-31,True,1.0
F0909E,O09,D09,SIM Air E Kochi-Shimla,4100,1,325,15,1500,True,2026-11-01,2027-03-31,True,1.0
F0910D,O09,D10,SIM Air D Kochi-Manali,5700,0,160,15,1000,True,2026-11-01,2027-03-31,True,1.0
F0910E,O09,D10,SIM Air E Kochi-Manali,4800,1,340,15,1500,True,2026-11-01,2027-03-31,True,1.0
F0911D,O09,D11,SIM Air D Kochi-Darjeeling,4900,0,100,15,1000,True,2026-11-01,2027-03-31,True,1.0
F0911E,O09,D11,SIM Air E Kochi-Darjeeling,4000,1,280,15,1500,True,2026-11-01,2027-03-31,True,1.0
F0912D,O09,D12,SIM Air D Kochi-Gangtok,5600,0,115,15,1000,True,2026-11-01,2027-03-31,True,1.0
F0912E,O09,D12,SIM Air E Kochi-Gangtok,4700,1,295,15,1500,True,2026-11-01,2027-03-31,True,1.0
F0913D,O09,D13,SIM Air D Kochi-Srinagar,4800,0,130,15,1000,True,2026-11-01,2027-03-31,True,1.0
F0913E,O09,D13,SIM Air E Kochi-Srinagar,3900,1,310,15,1500,True,2026-11-01,2027-03-31,True,1.0
F0914D,O09,D14,SIM Air D Kochi-Leh,5500,0,145,15,1000,True,2026-11-01,2027-03-31,True,1.0
F0914E,O09,D14,SIM Air E Kochi-Leh,4600,1,325,15,1500,True,2026-11-01,2027-03-31,True,1.0
F0915D,O09,D15,SIM Air D Kochi-Agra,4700,0,160,15,1000,True,2026-11-01,2027-03-31,True,1.0
F0915E,O09,D15,SIM Air E Kochi-Agra,3800,1,340,15,1500,True,2026-11-01,2027-03-31,True,1.0
F0916D,O09,D16,SIM Air D Kochi-Pondicherry,5400,0,100,15,1000,True,2026-11-01,2027-03-31,True,1.0
F0916E,O09,D16,SIM Air E Kochi-Pondicherry,4500,1,280,15,1500,True,2026-11-01,2027-03-31,True,1.0
F0917D,O09,D17,SIM Air D Kochi-Ooty,4600,0,115,15,1000,True,2026-11-01,2027-03-31,True,1.0
F0917E,O09,D17,SIM Air E Kochi-Ooty,3700,1,295,15,1500,True,2026-11-01,2027-03-31,True,1.0
F0918D,O09,D18,SIM Air D Kochi-Madurai,5300,0,130,15,1000,True,2026-11-01,2027-03-31,True,1.0
F0918E,O09,D18,SIM Air E Kochi-Madurai,4400,1,310,15,1500,True,2026-11-01,2027-03-31,True,1.0
F0919D,O09,D19,SIM Air D Kochi-Puri,4500,0,145,15,1000,True,2026-11-01,2027-03-31,True,1.0
F0919E,O09,D19,SIM Air E Kochi-Puri,3600,1,325,15,1500,True,2026-11-01,2027-03-31,True,1.0
F0920D,O09,D20,SIM Air D Kochi-Khajuraho,5200,0,160,15,1000,True,2026-11-01,2027-03-31,True,1.0
F0920E,O09,D20,SIM Air E Kochi-Khajuraho,4300,1,340,15,1500,True,2026-11-01,2027-03-31,True,1.0
F1001D,O10,D01,SIM Air D Mysuru-Goa,5700,0,100,15,1000,True,2026-11-01,2027-03-31,True,1.0
F1001E,O10,D01,SIM Air E Mysuru-Goa,4800,1,280,15,1500,True,2026-11-01,2027-03-31,True,1.0
F1002D,O10,D02,SIM Air D Mysuru-Jaipur,4900,0,115,15,1000,True,2026-11-01,2027-03-31,True,1.0
F1002E,O10,D02,SIM Air E Mysuru-Jaipur,4000,1,295,15,1500,True,2026-11-01,2027-03-31,True,1.0
F1003D,O10,D03,SIM Air D Mysuru-Udaipur,5600,0,130,15,1000,True,2026-11-01,2027-03-31,True,1.0
F1003E,O10,D03,SIM Air E Mysuru-Udaipur,4700,1,310,15,1500,True,2026-11-01,2027-03-31,True,1.0
F1004D,O10,D04,SIM Air D Mysuru-Kochi,4800,0,145,15,1000,True,2026-11-01,2027-03-31,True,1.0
F1004E,O10,D04,SIM Air E Mysuru-Kochi,3900,1,325,15,1500,True,2026-11-01,2027-03-31,True,1.0
F1006D,O10,D06,SIM Air D Mysuru-Varanasi,4700,0,100,15,1000,True,2026-11-01,2027-03-31,True,1.0
F1006E,O10,D06,SIM Air E Mysuru-Varanasi,3800,1,280,15,1500,True,2026-11-01,2027-03-31,True,1.0
F1007D,O10,D07,SIM Air D Mysuru-Amritsar,5400,0,115,15,1000,True,2026-11-01,2027-03-31,True,1.0
F1007E,O10,D07,SIM Air E Mysuru-Amritsar,4500,1,295,15,1500,True,2026-11-01,2027-03-31,True,1.0
F1008D,O10,D08,SIM Air D Mysuru-Rishikesh,4600,0,130,15,1000,True,2026-11-01,2027-03-31,True,1.0
F1008E,O10,D08,SIM Air E Mysuru-Rishikesh,3700,1,310,15,1500,True,2026-11-01,2027-03-31,True,1.0
F1009D,O10,D09,SIM Air D Mysuru-Shimla,5300,0,145,15,1000,True,2026-11-01,2027-03-31,True,1.0
F1009E,O10,D09,SIM Air E Mysuru-Shimla,4400,1,325,15,1500,True,2026-11-01,2027-03-31,True,1.0
F1010D,O10,D10,SIM Air D Mysuru-Manali,4500,0,160,15,1000,True,2026-11-01,2027-03-31,True,1.0
F1010E,O10,D10,SIM Air E Mysuru-Manali,3600,1,340,15,1500,True,2026-11-01,2027-03-31,True,1.0
F1011D,O10,D11,SIM Air D Mysuru-Darjeeling,5200,0,100,15,1000,True,2026-11-01,2027-03-31,True,1.0
F1011E,O10,D11,SIM Air E Mysuru-Darjeeling,4300,1,280,15,1500,True,2026-11-01,2027-03-31,True,1.0
F1012D,O10,D12,SIM Air D Mysuru-Gangtok,5900,0,115,15,1000,True,2026-11-01,2027-03-31,True,1.0
F1012E,O10,D12,SIM Air E Mysuru-Gangtok,5000,1,295,15,1500,True,2026-11-01,2027-03-31,True,1.0
F1013D,O10,D13,SIM Air D Mysuru-Srinagar,5100,0,130,15,1000,True,2026-11-01,2027-03-31,True,1.0
F1013E,O10,D13,SIM Air E Mysuru-Srinagar,4200,1,310,15,1500,True,2026-11-01,2027-03-31,True,1.0
F1014D,O10,D14,SIM Air D Mysuru-Leh,5800,0,145,15,1000,True,2026-11-01,2027-03-31,True,1.0
F1014E,O10,D14,SIM Air E Mysuru-Leh,4900,1,325,15,1500,True,2026-11-01,2027-03-31,True,1.0
F1015D,O10,D15,SIM Air D Mysuru-Agra,5000,0,160,15,1000,True,2026-11-01,2027-03-31,True,1.0
F1015E,O10,D15,SIM Air E Mysuru-Agra,4100,1,340,15,1500,True,2026-11-01,2027-03-31,True,1.0
F1016D,O10,D16,SIM Air D Mysuru-Pondicherry,5700,0,100,15,1000,True,2026-11-01,2027-03-31,True,1.0
F1016E,O10,D16,SIM Air E Mysuru-Pondicherry,4800,1,280,15,1500,True,2026-11-01,2027-03-31,True,1.0
F1017D,O10,D17,SIM Air D Mysuru-Ooty,4900,0,115,15,1000,True,2026-11-01,2027-03-31,True,1.0
F1017E,O10,D17,SIM Air E Mysuru-Ooty,4000,1,295,15,1500,True,2026-11-01,2027-03-31,True,1.0
F1018D,O10,D18,SIM Air D Mysuru-Madurai,5600,0,130,15,1000,True,2026-11-01,2027-03-31,True,1.0
F1018E,O10,D18,SIM Air E Mysuru-Madurai,4700,1,310,15,1500,True,2026-11-01,2027-03-31,True,1.0
F1019D,O10,D19,SIM Air D Mysuru-Puri,4800,0,145,15,1000,True,2026-11-01,2027-03-31,True,1.0
F1019E,O10,D19,SIM Air E Mysuru-Puri,3900,1,325,15,1500,True,2026-11-01,2027-03-31,True,1.0
F1020D,O10,D20,SIM Air D Mysuru-Khajuraho,5500,0,160,15,1000,True,2026-11-01,2027-03-31,True,1.0
F1020E,O10,D20,SIM Air E Mysuru-Khajuraho,4600,1,340,15,1500,True,2026-11-01,2027-03-31,True,1.0
F1101D,O11,D01,SIM Air D Varanasi-Goa,4500,0,100,15,1000,True,2026-11-01,2027-03-31,True,1.0
F1101E,O11,D01,SIM Air E Varanasi-Goa,3600,1,280,15,1500,True,2026-11-01,2027-03-31,True,1.0
F1102D,O11,D02,SIM Air D Varanasi-Jaipur,5200,0,115,15,1000,True,2026-11-01,2027-03-31,True,1.0
F1102E,O11,D02,SIM Air E Varanasi-Jaipur,4300,1,295,15,1500,True,2026-11-01,2027-03-31,True,1.0
F1103D,O11,D03,SIM Air D Varanasi-Udaipur,5900,0,130,15,1000,True,2026-11-01,2027-03-31,True,1.0
F1103E,O11,D03,SIM Air E Varanasi-Udaipur,5000,1,310,15,1500,True,2026-11-01,2027-03-31,True,1.0
F1104D,O11,D04,SIM Air D Varanasi-Kochi,5100,0,145,15,1000,True,2026-11-01,2027-03-31,True,1.0
F1104E,O11,D04,SIM Air E Varanasi-Kochi,4200,1,325,15,1500,True,2026-11-01,2027-03-31,True,1.0
F1105D,O11,D05,SIM Air D Varanasi-Mysuru,5800,0,160,15,1000,True,2026-11-01,2027-03-31,True,1.0
F1105E,O11,D05,SIM Air E Varanasi-Mysuru,4900,1,340,15,1500,True,2026-11-01,2027-03-31,True,1.0
F1107D,O11,D07,SIM Air D Varanasi-Amritsar,5700,0,115,15,1000,True,2026-11-01,2027-03-31,True,1.0
F1107E,O11,D07,SIM Air E Varanasi-Amritsar,4800,1,295,15,1500,True,2026-11-01,2027-03-31,True,1.0
F1108D,O11,D08,SIM Air D Varanasi-Rishikesh,4900,0,130,15,1000,True,2026-11-01,2027-03-31,True,1.0
F1108E,O11,D08,SIM Air E Varanasi-Rishikesh,4000,1,310,15,1500,True,2026-11-01,2027-03-31,True,1.0
F1109D,O11,D09,SIM Air D Varanasi-Shimla,5600,0,145,15,1000,True,2026-11-01,2027-03-31,True,1.0
F1109E,O11,D09,SIM Air E Varanasi-Shimla,4700,1,325,15,1500,True,2026-11-01,2027-03-31,True,1.0
F1110D,O11,D10,SIM Air D Varanasi-Manali,4800,0,160,15,1000,True,2026-11-01,2027-03-31,True,1.0
F1110E,O11,D10,SIM Air E Varanasi-Manali,3900,1,340,15,1500,True,2026-11-01,2027-03-31,True,1.0
F1111D,O11,D11,SIM Air D Varanasi-Darjeeling,5500,0,100,15,1000,True,2026-11-01,2027-03-31,True,1.0
F1111E,O11,D11,SIM Air E Varanasi-Darjeeling,4600,1,280,15,1500,True,2026-11-01,2027-03-31,True,1.0
F1112D,O11,D12,SIM Air D Varanasi-Gangtok,4700,0,115,15,1000,True,2026-11-01,2027-03-31,True,1.0
F1112E,O11,D12,SIM Air E Varanasi-Gangtok,3800,1,295,15,1500,True,2026-11-01,2027-03-31,True,1.0
F1113D,O11,D13,SIM Air D Varanasi-Srinagar,5400,0,130,15,1000,True,2026-11-01,2027-03-31,True,1.0
F1113E,O11,D13,SIM Air E Varanasi-Srinagar,4500,1,310,15,1500,True,2026-11-01,2027-03-31,True,1.0
F1114D,O11,D14,SIM Air D Varanasi-Leh,4600,0,145,15,1000,True,2026-11-01,2027-03-31,True,1.0
F1114E,O11,D14,SIM Air E Varanasi-Leh,3700,1,325,15,1500,True,2026-11-01,2027-03-31,True,1.0
F1115D,O11,D15,SIM Air D Varanasi-Agra,5300,0,160,15,1000,True,2026-11-01,2027-03-31,True,1.0
F1115E,O11,D15,SIM Air E Varanasi-Agra,4400,1,340,15,1500,True,2026-11-01,2027-03-31,True,1.0
F1116D,O11,D16,SIM Air D Varanasi-Pondicherry,4500,0,100,15,1000,True,2026-11-01,2027-03-31,True,1.0
F1116E,O11,D16,SIM Air E Varanasi-Pondicherry,3600,1,280,15,1500,True,2026-11-01,2027-03-31,True,1.0
F1117D,O11,D17,SIM Air D Varanasi-Ooty,5200,0,115,15,1000,True,2026-11-01,2027-03-31,True,1.0
F1117E,O11,D17,SIM Air E Varanasi-Ooty,4300,1,295,15,1500,True,2026-11-01,2027-03-31,True,1.0
F1118D,O11,D18,SIM Air D Varanasi-Madurai,5900,0,130,15,1000,True,2026-11-01,2027-03-31,True,1.0
F1118E,O11,D18,SIM Air E Varanasi-Madurai,5000,1,310,15,1500,True,2026-11-01,2027-03-31,True,1.0
F1119D,O11,D19,SIM Air D Varanasi-Puri,5100,0,145,15,1000,True,2026-11-01,2027-03-31,True,1.0
F1119E,O11,D19,SIM Air E Varanasi-Puri,4200,1,325,15,1500,True,2026-11-01,2027-03-31,True,1.0
F1120D,O11,D20,SIM Air D Varanasi-Khajuraho,5800,0,160,15,1000,True,2026-11-01,2027-03-31,True,1.0
F1120E,O11,D20,SIM Air E Varanasi-Khajuraho,4900,1,340,15,1500,True,2026-11-01,2027-03-31,True,1.0
F1201D,O12,D01,SIM Air D Amritsar-Goa,4800,0,100,15,1000,True,2026-11-01,2027-03-31,True,1.0
F1201E,O12,D01,SIM Air E Amritsar-Goa,3900,1,280,15,1500,True,2026-11-01,2027-03-31,True,1.0
F1202D,O12,D02,SIM Air D Amritsar-Jaipur,5500,0,115,15,1000,True,2026-11-01,2027-03-31,True,1.0
F1202E,O12,D02,SIM Air E Amritsar-Jaipur,4600,1,295,15,1500,True,2026-11-01,2027-03-31,True,1.0
F1203D,O12,D03,SIM Air D Amritsar-Udaipur,4700,0,130,15,1000,True,2026-11-01,2027-03-31,True,1.0
F1203E,O12,D03,SIM Air E Amritsar-Udaipur,3800,1,310,15,1500,True,2026-11-01,2027-03-31,True,1.0
F1204D,O12,D04,SIM Air D Amritsar-Kochi,5400,0,145,15,1000,True,2026-11-01,2027-03-31,True,1.0
F1204E,O12,D04,SIM Air E Amritsar-Kochi,4500,1,325,15,1500,True,2026-11-01,2027-03-31,True,1.0
F1205D,O12,D05,SIM Air D Amritsar-Mysuru,4600,0,160,15,1000,True,2026-11-01,2027-03-31,True,1.0
F1205E,O12,D05,SIM Air E Amritsar-Mysuru,3700,1,340,15,1500,True,2026-11-01,2027-03-31,True,1.0
F1206D,O12,D06,SIM Air D Amritsar-Varanasi,5300,0,100,15,1000,True,2026-11-01,2027-03-31,True,1.0
F1206E,O12,D06,SIM Air E Amritsar-Varanasi,4400,1,280,15,1500,True,2026-11-01,2027-03-31,True,1.0
F1208D,O12,D08,SIM Air D Amritsar-Rishikesh,5200,0,130,15,1000,True,2026-11-01,2027-03-31,True,1.0
F1208E,O12,D08,SIM Air E Amritsar-Rishikesh,4300,1,310,15,1500,True,2026-11-01,2027-03-31,True,1.0
F1209D,O12,D09,SIM Air D Amritsar-Shimla,5900,0,145,15,1000,True,2026-11-01,2027-03-31,True,1.0
F1209E,O12,D09,SIM Air E Amritsar-Shimla,5000,1,325,15,1500,True,2026-11-01,2027-03-31,True,1.0
F1210D,O12,D10,SIM Air D Amritsar-Manali,5100,0,160,15,1000,True,2026-11-01,2027-03-31,True,1.0
F1210E,O12,D10,SIM Air E Amritsar-Manali,4200,1,340,15,1500,True,2026-11-01,2027-03-31,True,1.0
F1211D,O12,D11,SIM Air D Amritsar-Darjeeling,5800,0,100,15,1000,True,2026-11-01,2027-03-31,True,1.0
F1211E,O12,D11,SIM Air E Amritsar-Darjeeling,4900,1,280,15,1500,True,2026-11-01,2027-03-31,True,1.0
F1212D,O12,D12,SIM Air D Amritsar-Gangtok,5000,0,115,15,1000,True,2026-11-01,2027-03-31,True,1.0
F1212E,O12,D12,SIM Air E Amritsar-Gangtok,4100,1,295,15,1500,True,2026-11-01,2027-03-31,True,1.0
F1213D,O12,D13,SIM Air D Amritsar-Srinagar,5700,0,130,15,1000,True,2026-11-01,2027-03-31,True,1.0
F1213E,O12,D13,SIM Air E Amritsar-Srinagar,4800,1,310,15,1500,True,2026-11-01,2027-03-31,True,1.0
F1214D,O12,D14,SIM Air D Amritsar-Leh,4900,0,145,15,1000,True,2026-11-01,2027-03-31,True,1.0
F1214E,O12,D14,SIM Air E Amritsar-Leh,4000,1,325,15,1500,True,2026-11-01,2027-03-31,True,1.0
F1215D,O12,D15,SIM Air D Amritsar-Agra,5600,0,160,15,1000,True,2026-11-01,2027-03-31,True,1.0
F1215E,O12,D15,SIM Air E Amritsar-Agra,4700,1,340,15,1500,True,2026-11-01,2027-03-31,True,1.0
F1216D,O12,D16,SIM Air D Amritsar-Pondicherry,4800,0,100,15,1000,True,2026-11-01,2027-03-31,True,1.0
F1216E,O12,D16,SIM Air E Amritsar-Pondicherry,3900,1,280,15,1500,True,2026-11-01,2027-03-31,True,1.0
F1217D,O12,D17,SIM Air D Amritsar-Ooty,5500,0,115,15,1000,True,2026-11-01,2027-03-31,True,1.0
F1217E,O12,D17,SIM Air E Amritsar-Ooty,4600,1,295,15,1500,True,2026-11-01,2027-03-31,True,1.0
F1218D,O12,D18,SIM Air D Amritsar-Madurai,4700,0,130,15,1000,True,2026-11-01,2027-03-31,True,1.0
F1218E,O12,D18,SIM Air E Amritsar-Madurai,3800,1,310,15,1500,True,2026-11-01,2027-03-31,True,1.0
F1219D,O12,D19,SIM Air D Amritsar-Puri,5400,0,145,15,1000,True,2026-11-01,2027-03-31,True,1.0
F1219E,O12,D19,SIM Air E Amritsar-Puri,4500,1,325,15,1500,True,2026-11-01,2027-03-31,True,1.0
F1220D,O12,D20,SIM Air D Amritsar-Khajuraho,4600,0,160,15,1000,True,2026-11-01,2027-03-31,True,1.0
F1220E,O12,D20,SIM Air E Amritsar-Khajuraho,3700,1,340,15,1500,True,2026-11-01,2027-03-31,True,1.0
F1301D,O13,D01,SIM Air D Rishikesh-Goa,5100,0,100,15,1000,True,2026-11-01,2027-03-31,True,1.0
F1301E,O13,D01,SIM Air E Rishikesh-Goa,4200,1,280,15,1500,True,2026-11-01,2027-03-31,True,1.0
F1302D,O13,D02,SIM Air D Rishikesh-Jaipur,5800,0,115,15,1000,True,2026-11-01,2027-03-31,True,1.0
F1302E,O13,D02,SIM Air E Rishikesh-Jaipur,4900,1,295,15,1500,True,2026-11-01,2027-03-31,True,1.0
F1303D,O13,D03,SIM Air D Rishikesh-Udaipur,5000,0,130,15,1000,True,2026-11-01,2027-03-31,True,1.0
F1303E,O13,D03,SIM Air E Rishikesh-Udaipur,4100,1,310,15,1500,True,2026-11-01,2027-03-31,True,1.0
F1304D,O13,D04,SIM Air D Rishikesh-Kochi,5700,0,145,15,1000,True,2026-11-01,2027-03-31,True,1.0
F1304E,O13,D04,SIM Air E Rishikesh-Kochi,4800,1,325,15,1500,True,2026-11-01,2027-03-31,True,1.0
F1305D,O13,D05,SIM Air D Rishikesh-Mysuru,4900,0,160,15,1000,True,2026-11-01,2027-03-31,True,1.0
F1305E,O13,D05,SIM Air E Rishikesh-Mysuru,4000,1,340,15,1500,True,2026-11-01,2027-03-31,True,1.0
F1306D,O13,D06,SIM Air D Rishikesh-Varanasi,5600,0,100,15,1000,True,2026-11-01,2027-03-31,True,1.0
F1306E,O13,D06,SIM Air E Rishikesh-Varanasi,4700,1,280,15,1500,True,2026-11-01,2027-03-31,True,1.0
F1307D,O13,D07,SIM Air D Rishikesh-Amritsar,4800,0,115,15,1000,True,2026-11-01,2027-03-31,True,1.0
F1307E,O13,D07,SIM Air E Rishikesh-Amritsar,3900,1,295,15,1500,True,2026-11-01,2027-03-31,True,1.0
F1309D,O13,D09,SIM Air D Rishikesh-Shimla,4700,0,145,15,1000,True,2026-11-01,2027-03-31,True,1.0
F1309E,O13,D09,SIM Air E Rishikesh-Shimla,3800,1,325,15,1500,True,2026-11-01,2027-03-31,True,1.0
F1310D,O13,D10,SIM Air D Rishikesh-Manali,5400,0,160,15,1000,True,2026-11-01,2027-03-31,True,1.0
F1310E,O13,D10,SIM Air E Rishikesh-Manali,4500,1,340,15,1500,True,2026-11-01,2027-03-31,True,1.0
F1311D,O13,D11,SIM Air D Rishikesh-Darjeeling,4600,0,100,15,1000,True,2026-11-01,2027-03-31,True,1.0
F1311E,O13,D11,SIM Air E Rishikesh-Darjeeling,3700,1,280,15,1500,True,2026-11-01,2027-03-31,True,1.0
F1312D,O13,D12,SIM Air D Rishikesh-Gangtok,5300,0,115,15,1000,True,2026-11-01,2027-03-31,True,1.0
F1312E,O13,D12,SIM Air E Rishikesh-Gangtok,4400,1,295,15,1500,True,2026-11-01,2027-03-31,True,1.0
F1313D,O13,D13,SIM Air D Rishikesh-Srinagar,4500,0,130,15,1000,True,2026-11-01,2027-03-31,True,1.0
F1313E,O13,D13,SIM Air E Rishikesh-Srinagar,3600,1,310,15,1500,True,2026-11-01,2027-03-31,True,1.0
F1314D,O13,D14,SIM Air D Rishikesh-Leh,5200,0,145,15,1000,True,2026-11-01,2027-03-31,True,1.0
F1314E,O13,D14,SIM Air E Rishikesh-Leh,4300,1,325,15,1500,True,2026-11-01,2027-03-31,True,1.0
F1315D,O13,D15,SIM Air D Rishikesh-Agra,5900,0,160,15,1000,True,2026-11-01,2027-03-31,True,1.0
F1315E,O13,D15,SIM Air E Rishikesh-Agra,5000,1,340,15,1500,True,2026-11-01,2027-03-31,True,1.0
F1316D,O13,D16,SIM Air D Rishikesh-Pondicherry,5100,0,100,15,1000,True,2026-11-01,2027-03-31,True,1.0
F1316E,O13,D16,SIM Air E Rishikesh-Pondicherry,4200,1,280,15,1500,True,2026-11-01,2027-03-31,True,1.0
F1317D,O13,D17,SIM Air D Rishikesh-Ooty,5800,0,115,15,1000,True,2026-11-01,2027-03-31,True,1.0
F1317E,O13,D17,SIM Air E Rishikesh-Ooty,4900,1,295,15,1500,True,2026-11-01,2027-03-31,True,1.0
F1318D,O13,D18,SIM Air D Rishikesh-Madurai,5000,0,130,15,1000,True,2026-11-01,2027-03-31,True,1.0
F1318E,O13,D18,SIM Air E Rishikesh-Madurai,4100,1,310,15,1500,True,2026-11-01,2027-03-31,True,1.0
F1319D,O13,D19,SIM Air D Rishikesh-Puri,5700,0,145,15,1000,True,2026-11-01,2027-03-31,True,1.0
F1319E,O13,D19,SIM Air E Rishikesh-Puri,4800,1,325,15,1500,True,2026-11-01,2027-03-31,True,1.0
F1320D,O13,D20,SIM Air D Rishikesh-Khajuraho,4900,0,160,15,1000,True,2026-11-01,2027-03-31,True,1.0
F1320E,O13,D20,SIM Air E Rishikesh-Khajuraho,4000,1,340,15,1500,True,2026-11-01,2027-03-31,True,1.0
F1401D,O14,D01,SIM Air D Shimla-Goa,5400,0,100,15,1000,True,2026-11-01,2027-03-31,True,1.0
F1401E,O14,D01,SIM Air E Shimla-Goa,4500,1,280,15,1500,True,2026-11-01,2027-03-31,True,1.0
F1402D,O14,D02,SIM Air D Shimla-Jaipur,4600,0,115,15,1000,True,2026-11-01,2027-03-31,True,1.0
F1402E,O14,D02,SIM Air E Shimla-Jaipur,3700,1,295,15,1500,True,2026-11-01,2027-03-31,True,1.0
F1403D,O14,D03,SIM Air D Shimla-Udaipur,5300,0,130,15,1000,True,2026-11-01,2027-03-31,True,1.0
F1403E,O14,D03,SIM Air E Shimla-Udaipur,4400,1,310,15,1500,True,2026-11-01,2027-03-31,True,1.0
F1404D,O14,D04,SIM Air D Shimla-Kochi,4500,0,145,15,1000,True,2026-11-01,2027-03-31,True,1.0
F1404E,O14,D04,SIM Air E Shimla-Kochi,3600,1,325,15,1500,True,2026-11-01,2027-03-31,True,1.0
F1405D,O14,D05,SIM Air D Shimla-Mysuru,5200,0,160,15,1000,True,2026-11-01,2027-03-31,True,1.0
F1405E,O14,D05,SIM Air E Shimla-Mysuru,4300,1,340,15,1500,True,2026-11-01,2027-03-31,True,1.0
F1406D,O14,D06,SIM Air D Shimla-Varanasi,5900,0,100,15,1000,True,2026-11-01,2027-03-31,True,1.0
F1406E,O14,D06,SIM Air E Shimla-Varanasi,5000,1,280,15,1500,True,2026-11-01,2027-03-31,True,1.0
F1407D,O14,D07,SIM Air D Shimla-Amritsar,5100,0,115,15,1000,True,2026-11-01,2027-03-31,True,1.0
F1407E,O14,D07,SIM Air E Shimla-Amritsar,4200,1,295,15,1500,True,2026-11-01,2027-03-31,True,1.0
F1408D,O14,D08,SIM Air D Shimla-Rishikesh,5800,0,130,15,1000,True,2026-11-01,2027-03-31,True,1.0
F1408E,O14,D08,SIM Air E Shimla-Rishikesh,4900,1,310,15,1500,True,2026-11-01,2027-03-31,True,1.0
F1410D,O14,D10,SIM Air D Shimla-Manali,5700,0,160,15,1000,True,2026-11-01,2027-03-31,True,1.0
F1410E,O14,D10,SIM Air E Shimla-Manali,4800,1,340,15,1500,True,2026-11-01,2027-03-31,True,1.0
F1411D,O14,D11,SIM Air D Shimla-Darjeeling,4900,0,100,15,1000,True,2026-11-01,2027-03-31,True,1.0
F1411E,O14,D11,SIM Air E Shimla-Darjeeling,4000,1,280,15,1500,True,2026-11-01,2027-03-31,True,1.0
F1412D,O14,D12,SIM Air D Shimla-Gangtok,5600,0,115,15,1000,True,2026-11-01,2027-03-31,True,1.0
F1412E,O14,D12,SIM Air E Shimla-Gangtok,4700,1,295,15,1500,True,2026-11-01,2027-03-31,True,1.0
F1413D,O14,D13,SIM Air D Shimla-Srinagar,4800,0,130,15,1000,True,2026-11-01,2027-03-31,True,1.0
F1413E,O14,D13,SIM Air E Shimla-Srinagar,3900,1,310,15,1500,True,2026-11-01,2027-03-31,True,1.0
F1414D,O14,D14,SIM Air D Shimla-Leh,5500,0,145,15,1000,True,2026-11-01,2027-03-31,True,1.0
F1414E,O14,D14,SIM Air E Shimla-Leh,4600,1,325,15,1500,True,2026-11-01,2027-03-31,True,1.0
F1415D,O14,D15,SIM Air D Shimla-Agra,4700,0,160,15,1000,True,2026-11-01,2027-03-31,True,1.0
F1415E,O14,D15,SIM Air E Shimla-Agra,3800,1,340,15,1500,True,2026-11-01,2027-03-31,True,1.0
F1416D,O14,D16,SIM Air D Shimla-Pondicherry,5400,0,100,15,1000,True,2026-11-01,2027-03-31,True,1.0
F1416E,O14,D16,SIM Air E Shimla-Pondicherry,4500,1,280,15,1500,True,2026-11-01,2027-03-31,True,1.0
F1417D,O14,D17,SIM Air D Shimla-Ooty,4600,0,115,15,1000,True,2026-11-01,2027-03-31,True,1.0
F1417E,O14,D17,SIM Air E Shimla-Ooty,3700,1,295,15,1500,True,2026-11-01,2027-03-31,True,1.0
F1418D,O14,D18,SIM Air D Shimla-Madurai,5300,0,130,15,1000,True,2026-11-01,2027-03-31,True,1.0
F1418E,O14,D18,SIM Air E Shimla-Madurai,4400,1,310,15,1500,True,2026-11-01,2027-03-31,True,1.0
F1419D,O14,D19,SIM Air D Shimla-Puri,4500,0,145,15,1000,True,2026-11-01,2027-03-31,True,1.0
F1419E,O14,D19,SIM Air E Shimla-Puri,3600,1,325,15,1500,True,2026-11-01,2027-03-31,True,1.0
F1420D,O14,D20,SIM Air D Shimla-Khajuraho,5200,0,160,15,1000,True,2026-11-01,2027-03-31,True,1.0
F1420E,O14,D20,SIM Air E Shimla-Khajuraho,4300,1,340,15,1500,True,2026-11-01,2027-03-31,True,1.0
F1501D,O15,D01,SIM Air D Manali-Goa,5700,0,100,15,1000,True,2026-11-01,2027-03-31,True,1.0
F1501E,O15,D01,SIM Air E Manali-Goa,4800,1,280,15,1500,True,2026-11-01,2027-03-31,True,1.0
F1502D,O15,D02,SIM Air D Manali-Jaipur,4900,0,115,15,1000,True,2026-11-01,2027-03-31,True,1.0
F1502E,O15,D02,SIM Air E Manali-Jaipur,4000,1,295,15,1500,True,2026-11-01,2027-03-31,True,1.0
F1503D,O15,D03,SIM Air D Manali-Udaipur,5600,0,130,15,1000,True,2026-11-01,2027-03-31,True,1.0
F1503E,O15,D03,SIM Air E Manali-Udaipur,4700,1,310,15,1500,True,2026-11-01,2027-03-31,True,1.0
F1504D,O15,D04,SIM Air D Manali-Kochi,4800,0,145,15,1000,True,2026-11-01,2027-03-31,True,1.0
F1504E,O15,D04,SIM Air E Manali-Kochi,3900,1,325,15,1500,True,2026-11-01,2027-03-31,True,1.0
F1505D,O15,D05,SIM Air D Manali-Mysuru,5500,0,160,15,1000,True,2026-11-01,2027-03-31,True,1.0
F1505E,O15,D05,SIM Air E Manali-Mysuru,4600,1,340,15,1500,True,2026-11-01,2027-03-31,True,1.0
F1506D,O15,D06,SIM Air D Manali-Varanasi,4700,0,100,15,1000,True,2026-11-01,2027-03-31,True,1.0
F1506E,O15,D06,SIM Air E Manali-Varanasi,3800,1,280,15,1500,True,2026-11-01,2027-03-31,True,1.0
F1507D,O15,D07,SIM Air D Manali-Amritsar,5400,0,115,15,1000,True,2026-11-01,2027-03-31,True,1.0
F1507E,O15,D07,SIM Air E Manali-Amritsar,4500,1,295,15,1500,True,2026-11-01,2027-03-31,True,1.0
F1508D,O15,D08,SIM Air D Manali-Rishikesh,4600,0,130,15,1000,True,2026-11-01,2027-03-31,True,1.0
F1508E,O15,D08,SIM Air E Manali-Rishikesh,3700,1,310,15,1500,True,2026-11-01,2027-03-31,True,1.0
F1509D,O15,D09,SIM Air D Manali-Shimla,5300,0,145,15,1000,True,2026-11-01,2027-03-31,True,1.0
F1509E,O15,D09,SIM Air E Manali-Shimla,4400,1,325,15,1500,True,2026-11-01,2027-03-31,True,1.0
F1511D,O15,D11,SIM Air D Manali-Darjeeling,5200,0,100,15,1000,True,2026-11-01,2027-03-31,True,1.0
F1511E,O15,D11,SIM Air E Manali-Darjeeling,4300,1,280,15,1500,True,2026-11-01,2027-03-31,True,1.0
F1512D,O15,D12,SIM Air D Manali-Gangtok,5900,0,115,15,1000,True,2026-11-01,2027-03-31,True,1.0
F1512E,O15,D12,SIM Air E Manali-Gangtok,5000,1,295,15,1500,True,2026-11-01,2027-03-31,True,1.0
F1513D,O15,D13,SIM Air D Manali-Srinagar,5100,0,130,15,1000,True,2026-11-01,2027-03-31,True,1.0
F1513E,O15,D13,SIM Air E Manali-Srinagar,4200,1,310,15,1500,True,2026-11-01,2027-03-31,True,1.0
F1514D,O15,D14,SIM Air D Manali-Leh,5800,0,145,15,1000,True,2026-11-01,2027-03-31,True,1.0
F1514E,O15,D14,SIM Air E Manali-Leh,4900,1,325,15,1500,True,2026-11-01,2027-03-31,True,1.0
F1515D,O15,D15,SIM Air D Manali-Agra,5000,0,160,15,1000,True,2026-11-01,2027-03-31,True,1.0
F1515E,O15,D15,SIM Air E Manali-Agra,4100,1,340,15,1500,True,2026-11-01,2027-03-31,True,1.0
F1516D,O15,D16,SIM Air D Manali-Pondicherry,5700,0,100,15,1000,True,2026-11-01,2027-03-31,True,1.0
F1516E,O15,D16,SIM Air E Manali-Pondicherry,4800,1,280,15,1500,True,2026-11-01,2027-03-31,True,1.0
F1517D,O15,D17,SIM Air D Manali-Ooty,4900,0,115,15,1000,True,2026-11-01,2027-03-31,True,1.0
F1517E,O15,D17,SIM Air E Manali-Ooty,4000,1,295,15,1500,True,2026-11-01,2027-03-31,True,1.0
F1518D,O15,D18,SIM Air D Manali-Madurai,5600,0,130,15,1000,True,2026-11-01,2027-03-31,True,1.0
F1518E,O15,D18,SIM Air E Manali-Madurai,4700,1,310,15,1500,True,2026-11-01,2027-03-31,True,1.0
F1519D,O15,D19,SIM Air D Manali-Puri,4800,0,145,15,1000,True,2026-11-01,2027-03-31,True,1.0
F1519E,O15,D19,SIM Air E Manali-Puri,3900,1,325,15,1500,True,2026-11-01,2027-03-31,True,1.0
F1520D,O15,D20,SIM Air D Manali-Khajuraho,5500,0,160,15,1000,True,2026-11-01,2027-03-31,True,1.0
F1520E,O15,D20,SIM Air E Manali-Khajuraho,4600,1,340,15,1500,True,2026-11-01,2027-03-31,True,1.0
F1601D,O16,D01,SIM Air D Darjeeling-Goa,4500,0,100,15,1000,True,2026-11-01,2027-03-31,True,1.0
F1601E,O16,D01,SIM Air E Darjeeling-Goa,3600,1,280,15,1500,True,2026-11-01,2027-03-31,True,1.0
F1602D,O16,D02,SIM Air D Darjeeling-Jaipur,5200,0,115,15,1000,True,2026-11-01,2027-03-31,True,1.0
F1602E,O16,D02,SIM Air E Darjeeling-Jaipur,4300,1,295,15,1500,True,2026-11-01,2027-03-31,True,1.0
F1603D,O16,D03,SIM Air D Darjeeling-Udaipur,5900,0,130,15,1000,True,2026-11-01,2027-03-31,True,1.0
F1603E,O16,D03,SIM Air E Darjeeling-Udaipur,5000,1,310,15,1500,True,2026-11-01,2027-03-31,True,1.0
F1604D,O16,D04,SIM Air D Darjeeling-Kochi,5100,0,145,15,1000,True,2026-11-01,2027-03-31,True,1.0
F1604E,O16,D04,SIM Air E Darjeeling-Kochi,4200,1,325,15,1500,True,2026-11-01,2027-03-31,True,1.0
F1605D,O16,D05,SIM Air D Darjeeling-Mysuru,5800,0,160,15,1000,True,2026-11-01,2027-03-31,True,1.0
F1605E,O16,D05,SIM Air E Darjeeling-Mysuru,4900,1,340,15,1500,True,2026-11-01,2027-03-31,True,1.0
F1606D,O16,D06,SIM Air D Darjeeling-Varanasi,5000,0,100,15,1000,True,2026-11-01,2027-03-31,True,1.0
F1606E,O16,D06,SIM Air E Darjeeling-Varanasi,4100,1,280,15,1500,True,2026-11-01,2027-03-31,True,1.0
F1607D,O16,D07,SIM Air D Darjeeling-Amritsar,5700,0,115,15,1000,True,2026-11-01,2027-03-31,True,1.0
F1607E,O16,D07,SIM Air E Darjeeling-Amritsar,4800,1,295,15,1500,True,2026-11-01,2027-03-31,True,1.0
F1608D,O16,D08,SIM Air D Darjeeling-Rishikesh,4900,0,130,15,1000,True,2026-11-01,2027-03-31,True,1.0
F1608E,O16,D08,SIM Air E Darjeeling-Rishikesh,4000,1,310,15,1500,True,2026-11-01,2027-03-31,True,1.0
F1609D,O16,D09,SIM Air D Darjeeling-Shimla,5600,0,145,15,1000,True,2026-11-01,2027-03-31,True,1.0
F1609E,O16,D09,SIM Air E Darjeeling-Shimla,4700,1,325,15,1500,True,2026-11-01,2027-03-31,True,1.0
F1610D,O16,D10,SIM Air D Darjeeling-Manali,4800,0,160,15,1000,True,2026-11-01,2027-03-31,True,1.0
F1610E,O16,D10,SIM Air E Darjeeling-Manali,3900,1,340,15,1500,True,2026-11-01,2027-03-31,True,1.0
F1612D,O16,D12,SIM Air D Darjeeling-Gangtok,4700,0,115,15,1000,True,2026-11-01,2027-03-31,True,1.0
F1612E,O16,D12,SIM Air E Darjeeling-Gangtok,3800,1,295,15,1500,True,2026-11-01,2027-03-31,True,1.0
F1613D,O16,D13,SIM Air D Darjeeling-Srinagar,5400,0,130,15,1000,True,2026-11-01,2027-03-31,True,1.0
F1613E,O16,D13,SIM Air E Darjeeling-Srinagar,4500,1,310,15,1500,True,2026-11-01,2027-03-31,True,1.0
F1614D,O16,D14,SIM Air D Darjeeling-Leh,4600,0,145,15,1000,True,2026-11-01,2027-03-31,True,1.0
F1614E,O16,D14,SIM Air E Darjeeling-Leh,3700,1,325,15,1500,True,2026-11-01,2027-03-31,True,1.0
F1615D,O16,D15,SIM Air D Darjeeling-Agra,5300,0,160,15,1000,True,2026-11-01,2027-03-31,True,1.0
F1615E,O16,D15,SIM Air E Darjeeling-Agra,4400,1,340,15,1500,True,2026-11-01,2027-03-31,True,1.0
F1616D,O16,D16,SIM Air D Darjeeling-Pondicherry,4500,0,100,15,1000,True,2026-11-01,2027-03-31,True,1.0
F1616E,O16,D16,SIM Air E Darjeeling-Pondicherry,3600,1,280,15,1500,True,2026-11-01,2027-03-31,True,1.0
F1617D,O16,D17,SIM Air D Darjeeling-Ooty,5200,0,115,15,1000,True,2026-11-01,2027-03-31,True,1.0
F1617E,O16,D17,SIM Air E Darjeeling-Ooty,4300,1,295,15,1500,True,2026-11-01,2027-03-31,True,1.0
F1618D,O16,D18,SIM Air D Darjeeling-Madurai,5900,0,130,15,1000,True,2026-11-01,2027-03-31,True,1.0
F1618E,O16,D18,SIM Air E Darjeeling-Madurai,5000,1,310,15,1500,True,2026-11-01,2027-03-31,True,1.0
F1619D,O16,D19,SIM Air D Darjeeling-Puri,5100,0,145,15,1000,True,2026-11-01,2027-03-31,True,1.0
F1619E,O16,D19,SIM Air E Darjeeling-Puri,4200,1,325,15,1500,True,2026-11-01,2027-03-31,True,1.0
F1620D,O16,D20,SIM Air D Darjeeling-Khajuraho,5800,0,160,15,1000,True,2026-11-01,2027-03-31,True,1.0
F1620E,O16,D20,SIM Air E Darjeeling-Khajuraho,4900,1,340,15,1500,True,2026-11-01,2027-03-31,True,1.0
F1701D,O17,D01,SIM Air D Gangtok-Goa,4800,0,100,15,1000,True,2026-11-01,2027-03-31,True,1.0
F1701E,O17,D01,SIM Air E Gangtok-Goa,3900,1,280,15,1500,True,2026-11-01,2027-03-31,True,1.0
F1702D,O17,D02,SIM Air D Gangtok-Jaipur,5500,0,115,15,1000,True,2026-11-01,2027-03-31,True,1.0
F1702E,O17,D02,SIM Air E Gangtok-Jaipur,4600,1,295,15,1500,True,2026-11-01,2027-03-31,True,1.0
F1703D,O17,D03,SIM Air D Gangtok-Udaipur,4700,0,130,15,1000,True,2026-11-01,2027-03-31,True,1.0
F1703E,O17,D03,SIM Air E Gangtok-Udaipur,3800,1,310,15,1500,True,2026-11-01,2027-03-31,True,1.0
F1704D,O17,D04,SIM Air D Gangtok-Kochi,5400,0,145,15,1000,True,2026-11-01,2027-03-31,True,1.0
F1704E,O17,D04,SIM Air E Gangtok-Kochi,4500,1,325,15,1500,True,2026-11-01,2027-03-31,True,1.0
F1705D,O17,D05,SIM Air D Gangtok-Mysuru,4600,0,160,15,1000,True,2026-11-01,2027-03-31,True,1.0
F1705E,O17,D05,SIM Air E Gangtok-Mysuru,3700,1,340,15,1500,True,2026-11-01,2027-03-31,True,1.0
F1706D,O17,D06,SIM Air D Gangtok-Varanasi,5300,0,100,15,1000,True,2026-11-01,2027-03-31,True,1.0
F1706E,O17,D06,SIM Air E Gangtok-Varanasi,4400,1,280,15,1500,True,2026-11-01,2027-03-31,True,1.0
F1707D,O17,D07,SIM Air D Gangtok-Amritsar,4500,0,115,15,1000,True,2026-11-01,2027-03-31,True,1.0
F1707E,O17,D07,SIM Air E Gangtok-Amritsar,3600,1,295,15,1500,True,2026-11-01,2027-03-31,True,1.0
F1708D,O17,D08,SIM Air D Gangtok-Rishikesh,5200,0,130,15,1000,True,2026-11-01,2027-03-31,True,1.0
F1708E,O17,D08,SIM Air E Gangtok-Rishikesh,4300,1,310,15,1500,True,2026-11-01,2027-03-31,True,1.0
F1709D,O17,D09,SIM Air D Gangtok-Shimla,5900,0,145,15,1000,True,2026-11-01,2027-03-31,True,1.0
F1709E,O17,D09,SIM Air E Gangtok-Shimla,5000,1,325,15,1500,True,2026-11-01,2027-03-31,True,1.0
F1710D,O17,D10,SIM Air D Gangtok-Manali,5100,0,160,15,1000,True,2026-11-01,2027-03-31,True,1.0
F1710E,O17,D10,SIM Air E Gangtok-Manali,4200,1,340,15,1500,True,2026-11-01,2027-03-31,True,1.0
F1711D,O17,D11,SIM Air D Gangtok-Darjeeling,5800,0,100,15,1000,True,2026-11-01,2027-03-31,True,1.0
F1711E,O17,D11,SIM Air E Gangtok-Darjeeling,4900,1,280,15,1500,True,2026-11-01,2027-03-31,True,1.0
F1713D,O17,D13,SIM Air D Gangtok-Srinagar,5700,0,130,15,1000,True,2026-11-01,2027-03-31,True,1.0
F1713E,O17,D13,SIM Air E Gangtok-Srinagar,4800,1,310,15,1500,True,2026-11-01,2027-03-31,True,1.0
F1714D,O17,D14,SIM Air D Gangtok-Leh,4900,0,145,15,1000,True,2026-11-01,2027-03-31,True,1.0
F1714E,O17,D14,SIM Air E Gangtok-Leh,4000,1,325,15,1500,True,2026-11-01,2027-03-31,True,1.0
F1715D,O17,D15,SIM Air D Gangtok-Agra,5600,0,160,15,1000,True,2026-11-01,2027-03-31,True,1.0
F1715E,O17,D15,SIM Air E Gangtok-Agra,4700,1,340,15,1500,True,2026-11-01,2027-03-31,True,1.0
F1716D,O17,D16,SIM Air D Gangtok-Pondicherry,4800,0,100,15,1000,True,2026-11-01,2027-03-31,True,1.0
F1716E,O17,D16,SIM Air E Gangtok-Pondicherry,3900,1,280,15,1500,True,2026-11-01,2027-03-31,True,1.0
F1717D,O17,D17,SIM Air D Gangtok-Ooty,5500,0,115,15,1000,True,2026-11-01,2027-03-31,True,1.0
F1717E,O17,D17,SIM Air E Gangtok-Ooty,4600,1,295,15,1500,True,2026-11-01,2027-03-31,True,1.0
F1718D,O17,D18,SIM Air D Gangtok-Madurai,4700,0,130,15,1000,True,2026-11-01,2027-03-31,True,1.0
F1718E,O17,D18,SIM Air E Gangtok-Madurai,3800,1,310,15,1500,True,2026-11-01,2027-03-31,True,1.0
F1719D,O17,D19,SIM Air D Gangtok-Puri,5400,0,145,15,1000,True,2026-11-01,2027-03-31,True,1.0
F1719E,O17,D19,SIM Air E Gangtok-Puri,4500,1,325,15,1500,True,2026-11-01,2027-03-31,True,1.0
F1720D,O17,D20,SIM Air D Gangtok-Khajuraho,4600,0,160,15,1000,True,2026-11-01,2027-03-31,True,1.0
F1720E,O17,D20,SIM Air E Gangtok-Khajuraho,3700,1,340,15,1500,True,2026-11-01,2027-03-31,True,1.0
F1801D,O18,D01,SIM Air D Srinagar-Goa,5100,0,100,15,1000,True,2026-11-01,2027-03-31,True,1.0
F1801E,O18,D01,SIM Air E Srinagar-Goa,4200,1,280,15,1500,True,2026-11-01,2027-03-31,True,1.0
F1802D,O18,D02,SIM Air D Srinagar-Jaipur,5800,0,115,15,1000,True,2026-11-01,2027-03-31,True,1.0
F1802E,O18,D02,SIM Air E Srinagar-Jaipur,4900,1,295,15,1500,True,2026-11-01,2027-03-31,True,1.0
F1803D,O18,D03,SIM Air D Srinagar-Udaipur,5000,0,130,15,1000,True,2026-11-01,2027-03-31,True,1.0
F1803E,O18,D03,SIM Air E Srinagar-Udaipur,4100,1,310,15,1500,True,2026-11-01,2027-03-31,True,1.0
F1804D,O18,D04,SIM Air D Srinagar-Kochi,5700,0,145,15,1000,True,2026-11-01,2027-03-31,True,1.0
F1804E,O18,D04,SIM Air E Srinagar-Kochi,4800,1,325,15,1500,True,2026-11-01,2027-03-31,True,1.0
F1805D,O18,D05,SIM Air D Srinagar-Mysuru,4900,0,160,15,1000,True,2026-11-01,2027-03-31,True,1.0
F1805E,O18,D05,SIM Air E Srinagar-Mysuru,4000,1,340,15,1500,True,2026-11-01,2027-03-31,True,1.0
F1806D,O18,D06,SIM Air D Srinagar-Varanasi,5600,0,100,15,1000,True,2026-11-01,2027-03-31,True,1.0
F1806E,O18,D06,SIM Air E Srinagar-Varanasi,4700,1,280,15,1500,True,2026-11-01,2027-03-31,True,1.0
F1807D,O18,D07,SIM Air D Srinagar-Amritsar,4800,0,115,15,1000,True,2026-11-01,2027-03-31,True,1.0
F1807E,O18,D07,SIM Air E Srinagar-Amritsar,3900,1,295,15,1500,True,2026-11-01,2027-03-31,True,1.0
F1808D,O18,D08,SIM Air D Srinagar-Rishikesh,5500,0,130,15,1000,True,2026-11-01,2027-03-31,True,1.0
F1808E,O18,D08,SIM Air E Srinagar-Rishikesh,4600,1,310,15,1500,True,2026-11-01,2027-03-31,True,1.0
F1809D,O18,D09,SIM Air D Srinagar-Shimla,4700,0,145,15,1000,True,2026-11-01,2027-03-31,True,1.0
F1809E,O18,D09,SIM Air E Srinagar-Shimla,3800,1,325,15,1500,True,2026-11-01,2027-03-31,True,1.0
F1810D,O18,D10,SIM Air D Srinagar-Manali,5400,0,160,15,1000,True,2026-11-01,2027-03-31,True,1.0
F1810E,O18,D10,SIM Air E Srinagar-Manali,4500,1,340,15,1500,True,2026-11-01,2027-03-31,True,1.0
F1811D,O18,D11,SIM Air D Srinagar-Darjeeling,4600,0,100,15,1000,True,2026-11-01,2027-03-31,True,1.0
F1811E,O18,D11,SIM Air E Srinagar-Darjeeling,3700,1,280,15,1500,True,2026-11-01,2027-03-31,True,1.0
F1812D,O18,D12,SIM Air D Srinagar-Gangtok,5300,0,115,15,1000,True,2026-11-01,2027-03-31,True,1.0
F1812E,O18,D12,SIM Air E Srinagar-Gangtok,4400,1,295,15,1500,True,2026-11-01,2027-03-31,True,1.0
F1814D,O18,D14,SIM Air D Srinagar-Leh,5200,0,145,15,1000,True,2026-11-01,2027-03-31,True,1.0
F1814E,O18,D14,SIM Air E Srinagar-Leh,4300,1,325,15,1500,True,2026-11-01,2027-03-31,True,1.0
F1815D,O18,D15,SIM Air D Srinagar-Agra,5900,0,160,15,1000,True,2026-11-01,2027-03-31,True,1.0
F1815E,O18,D15,SIM Air E Srinagar-Agra,5000,1,340,15,1500,True,2026-11-01,2027-03-31,True,1.0
F1816D,O18,D16,SIM Air D Srinagar-Pondicherry,5100,0,100,15,1000,True,2026-11-01,2027-03-31,True,1.0
F1816E,O18,D16,SIM Air E Srinagar-Pondicherry,4200,1,280,15,1500,True,2026-11-01,2027-03-31,True,1.0
F1817D,O18,D17,SIM Air D Srinagar-Ooty,5800,0,115,15,1000,True,2026-11-01,2027-03-31,True,1.0
F1817E,O18,D17,SIM Air E Srinagar-Ooty,4900,1,295,15,1500,True,2026-11-01,2027-03-31,True,1.0
F1818D,O18,D18,SIM Air D Srinagar-Madurai,5000,0,130,15,1000,True,2026-11-01,2027-03-31,True,1.0
F1818E,O18,D18,SIM Air E Srinagar-Madurai,4100,1,310,15,1500,True,2026-11-01,2027-03-31,True,1.0
F1819D,O18,D19,SIM Air D Srinagar-Puri,5700,0,145,15,1000,True,2026-11-01,2027-03-31,True,1.0
F1819E,O18,D19,SIM Air E Srinagar-Puri,4800,1,325,15,1500,True,2026-11-01,2027-03-31,True,1.0
F1820D,O18,D20,SIM Air D Srinagar-Khajuraho,4900,0,160,15,1000,True,2026-11-01,2027-03-31,True,1.0
F1820E,O18,D20,SIM Air E Srinagar-Khajuraho,4000,1,340,15,1500,True,2026-11-01,2027-03-31,True,1.0
F1901D,O19,D01,SIM Air D Leh-Goa,5400,0,100,15,1000,True,2026-11-01,2027-03-31,True,1.0
F1901E,O19,D01,SIM Air E Leh-Goa,4500,1,280,15,1500,True,2026-11-01,2027-03-31,True,1.0
F1902D,O19,D02,SIM Air D Leh-Jaipur,4600,0,115,15,1000,True,2026-11-01,2027-03-31,True,1.0
F1902E,O19,D02,SIM Air E Leh-Jaipur,3700,1,295,15,1500,True,2026-11-01,2027-03-31,True,1.0
F1903D,O19,D03,SIM Air D Leh-Udaipur,5300,0,130,15,1000,True,2026-11-01,2027-03-31,True,1.0
F1903E,O19,D03,SIM Air E Leh-Udaipur,4400,1,310,15,1500,True,2026-11-01,2027-03-31,True,1.0
F1904D,O19,D04,SIM Air D Leh-Kochi,4500,0,145,15,1000,True,2026-11-01,2027-03-31,True,1.0
F1904E,O19,D04,SIM Air E Leh-Kochi,3600,1,325,15,1500,True,2026-11-01,2027-03-31,True,1.0
F1905D,O19,D05,SIM Air D Leh-Mysuru,5200,0,160,15,1000,True,2026-11-01,2027-03-31,True,1.0
F1905E,O19,D05,SIM Air E Leh-Mysuru,4300,1,340,15,1500,True,2026-11-01,2027-03-31,True,1.0
F1906D,O19,D06,SIM Air D Leh-Varanasi,5900,0,100,15,1000,True,2026-11-01,2027-03-31,True,1.0
F1906E,O19,D06,SIM Air E Leh-Varanasi,5000,1,280,15,1500,True,2026-11-01,2027-03-31,True,1.0
F1907D,O19,D07,SIM Air D Leh-Amritsar,5100,0,115,15,1000,True,2026-11-01,2027-03-31,True,1.0
F1907E,O19,D07,SIM Air E Leh-Amritsar,4200,1,295,15,1500,True,2026-11-01,2027-03-31,True,1.0
F1908D,O19,D08,SIM Air D Leh-Rishikesh,5800,0,130,15,1000,True,2026-11-01,2027-03-31,True,1.0
F1908E,O19,D08,SIM Air E Leh-Rishikesh,4900,1,310,15,1500,True,2026-11-01,2027-03-31,True,1.0
F1909D,O19,D09,SIM Air D Leh-Shimla,5000,0,145,15,1000,True,2026-11-01,2027-03-31,True,1.0
F1909E,O19,D09,SIM Air E Leh-Shimla,4100,1,325,15,1500,True,2026-11-01,2027-03-31,True,1.0
F1910D,O19,D10,SIM Air D Leh-Manali,5700,0,160,15,1000,True,2026-11-01,2027-03-31,True,1.0
F1910E,O19,D10,SIM Air E Leh-Manali,4800,1,340,15,1500,True,2026-11-01,2027-03-31,True,1.0
F1911D,O19,D11,SIM Air D Leh-Darjeeling,4900,0,100,15,1000,True,2026-11-01,2027-03-31,True,1.0
F1911E,O19,D11,SIM Air E Leh-Darjeeling,4000,1,280,15,1500,True,2026-11-01,2027-03-31,True,1.0
F1912D,O19,D12,SIM Air D Leh-Gangtok,5600,0,115,15,1000,True,2026-11-01,2027-03-31,True,1.0
F1912E,O19,D12,SIM Air E Leh-Gangtok,4700,1,295,15,1500,True,2026-11-01,2027-03-31,True,1.0
F1913D,O19,D13,SIM Air D Leh-Srinagar,4800,0,130,15,1000,True,2026-11-01,2027-03-31,True,1.0
F1913E,O19,D13,SIM Air E Leh-Srinagar,3900,1,310,15,1500,True,2026-11-01,2027-03-31,True,1.0
F1915D,O19,D15,SIM Air D Leh-Agra,4700,0,160,15,1000,True,2026-11-01,2027-03-31,True,1.0
F1915E,O19,D15,SIM Air E Leh-Agra,3800,1,340,15,1500,True,2026-11-01,2027-03-31,True,1.0
F1916D,O19,D16,SIM Air D Leh-Pondicherry,5400,0,100,15,1000,True,2026-11-01,2027-03-31,True,1.0
F1916E,O19,D16,SIM Air E Leh-Pondicherry,4500,1,280,15,1500,True,2026-11-01,2027-03-31,True,1.0
F1917D,O19,D17,SIM Air D Leh-Ooty,4600,0,115,15,1000,True,2026-11-01,2027-03-31,True,1.0
F1917E,O19,D17,SIM Air E Leh-Ooty,3700,1,295,15,1500,True,2026-11-01,2027-03-31,True,1.0
F1918D,O19,D18,SIM Air D Leh-Madurai,5300,0,130,15,1000,True,2026-11-01,2027-03-31,True,1.0
F1918E,O19,D18,SIM Air E Leh-Madurai,4400,1,310,15,1500,True,2026-11-01,2027-03-31,True,1.0
F1919D,O19,D19,SIM Air D Leh-Puri,4500,0,145,15,1000,True,2026-11-01,2027-03-31,True,1.0
F1919E,O19,D19,SIM Air E Leh-Puri,3600,1,325,15,1500,True,2026-11-01,2027-03-31,True,1.0
F1920D,O19,D20,SIM Air D Leh-Khajuraho,5200,0,160,15,1000,True,2026-11-01,2027-03-31,True,1.0
F1920E,O19,D20,SIM Air E Leh-Khajuraho,4300,1,340,15,1500,True,2026-11-01,2027-03-31,True,1.0
F2001D,O20,D01,SIM Air D Agra-Goa,5700,0,100,15,1000,True,2026-11-01,2027-03-31,True,1.0
F2001E,O20,D01,SIM Air E Agra-Goa,4800,1,280,15,1500,True,2026-11-01,2027-03-31,True,1.0
F2002D,O20,D02,SIM Air D Agra-Jaipur,4900,0,115,15,1000,True,2026-11-01,2027-03-31,True,1.0
F2002E,O20,D02,SIM Air E Agra-Jaipur,4000,1,295,15,1500,True,2026-11-01,2027-03-31,True,1.0
F2003D,O20,D03,SIM Air D Agra-Udaipur,5600,0,130,15,1000,True,2026-11-01,2027-03-31,True,1.0
F2003E,O20,D03,SIM Air E Agra-Udaipur,4700,1,310,15,1500,True,2026-11-01,2027-03-31,True,1.0
F2004D,O20,D04,SIM Air D Agra-Kochi,4800,0,145,15,1000,True,2026-11-01,2027-03-31,True,1.0
F2004E,O20,D04,SIM Air E Agra-Kochi,3900,1,325,15,1500,True,2026-11-01,2027-03-31,True,1.0
F2005D,O20,D05,SIM Air D Agra-Mysuru,5500,0,160,15,1000,True,2026-11-01,2027-03-31,True,1.0
F2005E,O20,D05,SIM Air E Agra-Mysuru,4600,1,340,15,1500,True,2026-11-01,2027-03-31,True,1.0
F2006D,O20,D06,SIM Air D Agra-Varanasi,4700,0,100,15,1000,True,2026-11-01,2027-03-31,True,1.0
F2006E,O20,D06,SIM Air E Agra-Varanasi,3800,1,280,15,1500,True,2026-11-01,2027-03-31,True,1.0
F2007D,O20,D07,SIM Air D Agra-Amritsar,5400,0,115,15,1000,True,2026-11-01,2027-03-31,True,1.0
F2007E,O20,D07,SIM Air E Agra-Amritsar,4500,1,295,15,1500,True,2026-11-01,2027-03-31,True,1.0
F2008D,O20,D08,SIM Air D Agra-Rishikesh,4600,0,130,15,1000,True,2026-11-01,2027-03-31,True,1.0
F2008E,O20,D08,SIM Air E Agra-Rishikesh,3700,1,310,15,1500,True,2026-11-01,2027-03-31,True,1.0
F2009D,O20,D09,SIM Air D Agra-Shimla,5300,0,145,15,1000,True,2026-11-01,2027-03-31,True,1.0
F2009E,O20,D09,SIM Air E Agra-Shimla,4400,1,325,15,1500,True,2026-11-01,2027-03-31,True,1.0
F2010D,O20,D10,SIM Air D Agra-Manali,4500,0,160,15,1000,True,2026-11-01,2027-03-31,True,1.0
F2010E,O20,D10,SIM Air E Agra-Manali,3600,1,340,15,1500,True,2026-11-01,2027-03-31,True,1.0
F2011D,O20,D11,SIM Air D Agra-Darjeeling,5200,0,100,15,1000,True,2026-11-01,2027-03-31,True,1.0
F2011E,O20,D11,SIM Air E Agra-Darjeeling,4300,1,280,15,1500,True,2026-11-01,2027-03-31,True,1.0
F2012D,O20,D12,SIM Air D Agra-Gangtok,5900,0,115,15,1000,True,2026-11-01,2027-03-31,True,1.0
F2012E,O20,D12,SIM Air E Agra-Gangtok,5000,1,295,15,1500,True,2026-11-01,2027-03-31,True,1.0
F2013D,O20,D13,SIM Air D Agra-Srinagar,5100,0,130,15,1000,True,2026-11-01,2027-03-31,True,1.0
F2013E,O20,D13,SIM Air E Agra-Srinagar,4200,1,310,15,1500,True,2026-11-01,2027-03-31,True,1.0
F2014D,O20,D14,SIM Air D Agra-Leh,5800,0,145,15,1000,True,2026-11-01,2027-03-31,True,1.0
F2014E,O20,D14,SIM Air E Agra-Leh,4900,1,325,15,1500,True,2026-11-01,2027-03-31,True,1.0
F2016D,O20,D16,SIM Air D Agra-Pondicherry,5700,0,100,15,1000,True,2026-11-01,2027-03-31,True,1.0
F2016E,O20,D16,SIM Air E Agra-Pondicherry,4800,1,280,15,1500,True,2026-11-01,2027-03-31,True,1.0
F2017D,O20,D17,SIM Air D Agra-Ooty,4900,0,115,15,1000,True,2026-11-01,2027-03-31,True,1.0
F2017E,O20,D17,SIM Air E Agra-Ooty,4000,1,295,15,1500,True,2026-11-01,2027-03-31,True,1.0
F2018D,O20,D18,SIM Air D Agra-Madurai,5600,0,130,15,1000,True,2026-11-01,2027-03-31,True,1.0
F2018E,O20,D18,SIM Air E Agra-Madurai,4700,1,310,15,1500,True,2026-11-01,2027-03-31,True,1.0
F2019D,O20,D19,SIM Air D Agra-Puri,4800,0,145,15,1000,True,2026-11-01,2027-03-31,True,1.0
F2019E,O20,D19,SIM Air E Agra-Puri,3900,1,325,15,1500,True,2026-11-01,2027-03-31,True,1.0
F2020D,O20,D20,SIM Air D Agra-Khajuraho,5500,0,160,15,1000,True,2026-11-01,2027-03-31,True,1.0
F2020E,O20,D20,SIM Air E Agra-Khajuraho,4600,1,340,15,1500,True,2026-11-01,2027-03-31,True,1.0
F2101D,O21,D01,SIM Air D Pondicherry-Goa,4500,0,100,15,1000,True,2026-11-01,2027-03-31,True,1.0
F2101E,O21,D01,SIM Air E Pondicherry-Goa,3600,1,280,15,1500,True,2026-11-01,2027-03-31,True,1.0
F2102D,O21,D02,SIM Air D Pondicherry-Jaipur,5200,0,115,15,1000,True,2026-11-01,2027-03-31,True,1.0
F2102E,O21,D02,SIM Air E Pondicherry-Jaipur,4300,1,295,15,1500,True,2026-11-01,2027-03-31,True,1.0
F2103D,O21,D03,SIM Air D Pondicherry-Udaipur,5900,0,130,15,1000,True,2026-11-01,2027-03-31,True,1.0
F2103E,O21,D03,SIM Air E Pondicherry-Udaipur,5000,1,310,15,1500,True,2026-11-01,2027-03-31,True,1.0
F2104D,O21,D04,SIM Air D Pondicherry-Kochi,5100,0,145,15,1000,True,2026-11-01,2027-03-31,True,1.0
F2104E,O21,D04,SIM Air E Pondicherry-Kochi,4200,1,325,15,1500,True,2026-11-01,2027-03-31,True,1.0
F2105D,O21,D05,SIM Air D Pondicherry-Mysuru,5800,0,160,15,1000,True,2026-11-01,2027-03-31,True,1.0
F2105E,O21,D05,SIM Air E Pondicherry-Mysuru,4900,1,340,15,1500,True,2026-11-01,2027-03-31,True,1.0
F2106D,O21,D06,SIM Air D Pondicherry-Varanasi,5000,0,100,15,1000,True,2026-11-01,2027-03-31,True,1.0
F2106E,O21,D06,SIM Air E Pondicherry-Varanasi,4100,1,280,15,1500,True,2026-11-01,2027-03-31,True,1.0
F2107D,O21,D07,SIM Air D Pondicherry-Amritsar,5700,0,115,15,1000,True,2026-11-01,2027-03-31,True,1.0
F2107E,O21,D07,SIM Air E Pondicherry-Amritsar,4800,1,295,15,1500,True,2026-11-01,2027-03-31,True,1.0
F2108D,O21,D08,SIM Air D Pondicherry-Rishikesh,4900,0,130,15,1000,True,2026-11-01,2027-03-31,True,1.0
F2108E,O21,D08,SIM Air E Pondicherry-Rishikesh,4000,1,310,15,1500,True,2026-11-01,2027-03-31,True,1.0
F2109D,O21,D09,SIM Air D Pondicherry-Shimla,5600,0,145,15,1000,True,2026-11-01,2027-03-31,True,1.0
F2109E,O21,D09,SIM Air E Pondicherry-Shimla,4700,1,325,15,1500,True,2026-11-01,2027-03-31,True,1.0
F2110D,O21,D10,SIM Air D Pondicherry-Manali,4800,0,160,15,1000,True,2026-11-01,2027-03-31,True,1.0
F2110E,O21,D10,SIM Air E Pondicherry-Manali,3900,1,340,15,1500,True,2026-11-01,2027-03-31,True,1.0
F2111D,O21,D11,SIM Air D Pondicherry-Darjeeling,5500,0,100,15,1000,True,2026-11-01,2027-03-31,True,1.0
F2111E,O21,D11,SIM Air E Pondicherry-Darjeeling,4600,1,280,15,1500,True,2026-11-01,2027-03-31,True,1.0
F2112D,O21,D12,SIM Air D Pondicherry-Gangtok,4700,0,115,15,1000,True,2026-11-01,2027-03-31,True,1.0
F2112E,O21,D12,SIM Air E Pondicherry-Gangtok,3800,1,295,15,1500,True,2026-11-01,2027-03-31,True,1.0
F2113D,O21,D13,SIM Air D Pondicherry-Srinagar,5400,0,130,15,1000,True,2026-11-01,2027-03-31,True,1.0
F2113E,O21,D13,SIM Air E Pondicherry-Srinagar,4500,1,310,15,1500,True,2026-11-01,2027-03-31,True,1.0
F2114D,O21,D14,SIM Air D Pondicherry-Leh,4600,0,145,15,1000,True,2026-11-01,2027-03-31,True,1.0
F2114E,O21,D14,SIM Air E Pondicherry-Leh,3700,1,325,15,1500,True,2026-11-01,2027-03-31,True,1.0
F2115D,O21,D15,SIM Air D Pondicherry-Agra,5300,0,160,15,1000,True,2026-11-01,2027-03-31,True,1.0
F2115E,O21,D15,SIM Air E Pondicherry-Agra,4400,1,340,15,1500,True,2026-11-01,2027-03-31,True,1.0
F2117D,O21,D17,SIM Air D Pondicherry-Ooty,5200,0,115,15,1000,True,2026-11-01,2027-03-31,True,1.0
F2117E,O21,D17,SIM Air E Pondicherry-Ooty,4300,1,295,15,1500,True,2026-11-01,2027-03-31,True,1.0
F2118D,O21,D18,SIM Air D Pondicherry-Madurai,5900,0,130,15,1000,True,2026-11-01,2027-03-31,True,1.0
F2118E,O21,D18,SIM Air E Pondicherry-Madurai,5000,1,310,15,1500,True,2026-11-01,2027-03-31,True,1.0
F2119D,O21,D19,SIM Air D Pondicherry-Puri,5100,0,145,15,1000,True,2026-11-01,2027-03-31,True,1.0
F2119E,O21,D19,SIM Air E Pondicherry-Puri,4200,1,325,15,1500,True,2026-11-01,2027-03-31,True,1.0
F2120D,O21,D20,SIM Air D Pondicherry-Khajuraho,5800,0,160,15,1000,True,2026-11-01,2027-03-31,True,1.0
F2120E,O21,D20,SIM Air E Pondicherry-Khajuraho,4900,1,340,15,1500,True,2026-11-01,2027-03-31,True,1.0
F2201D,O22,D01,SIM Air D Ooty-Goa,4800,0,100,15,1000,True,2026-11-01,2027-03-31,True,1.0
F2201E,O22,D01,SIM Air E Ooty-Goa,3900,1,280,15,1500,True,2026-11-01,2027-03-31,True,1.0
F2202D,O22,D02,SIM Air D Ooty-Jaipur,5500,0,115,15,1000,True,2026-11-01,2027-03-31,True,1.0
F2202E,O22,D02,SIM Air E Ooty-Jaipur,4600,1,295,15,1500,True,2026-11-01,2027-03-31,True,1.0
F2203D,O22,D03,SIM Air D Ooty-Udaipur,4700,0,130,15,1000,True,2026-11-01,2027-03-31,True,1.0
F2203E,O22,D03,SIM Air E Ooty-Udaipur,3800,1,310,15,1500,True,2026-11-01,2027-03-31,True,1.0
F2204D,O22,D04,SIM Air D Ooty-Kochi,5400,0,145,15,1000,True,2026-11-01,2027-03-31,True,1.0
F2204E,O22,D04,SIM Air E Ooty-Kochi,4500,1,325,15,1500,True,2026-11-01,2027-03-31,True,1.0
F2205D,O22,D05,SIM Air D Ooty-Mysuru,4600,0,160,15,1000,True,2026-11-01,2027-03-31,True,1.0
F2205E,O22,D05,SIM Air E Ooty-Mysuru,3700,1,340,15,1500,True,2026-11-01,2027-03-31,True,1.0
F2206D,O22,D06,SIM Air D Ooty-Varanasi,5300,0,100,15,1000,True,2026-11-01,2027-03-31,True,1.0
F2206E,O22,D06,SIM Air E Ooty-Varanasi,4400,1,280,15,1500,True,2026-11-01,2027-03-31,True,1.0
F2207D,O22,D07,SIM Air D Ooty-Amritsar,4500,0,115,15,1000,True,2026-11-01,2027-03-31,True,1.0
F2207E,O22,D07,SIM Air E Ooty-Amritsar,3600,1,295,15,1500,True,2026-11-01,2027-03-31,True,1.0
F2208D,O22,D08,SIM Air D Ooty-Rishikesh,5200,0,130,15,1000,True,2026-11-01,2027-03-31,True,1.0
F2208E,O22,D08,SIM Air E Ooty-Rishikesh,4300,1,310,15,1500,True,2026-11-01,2027-03-31,True,1.0
F2209D,O22,D09,SIM Air D Ooty-Shimla,5900,0,145,15,1000,True,2026-11-01,2027-03-31,True,1.0
F2209E,O22,D09,SIM Air E Ooty-Shimla,5000,1,325,15,1500,True,2026-11-01,2027-03-31,True,1.0
F2210D,O22,D10,SIM Air D Ooty-Manali,5100,0,160,15,1000,True,2026-11-01,2027-03-31,True,1.0
F2210E,O22,D10,SIM Air E Ooty-Manali,4200,1,340,15,1500,True,2026-11-01,2027-03-31,True,1.0
F2211D,O22,D11,SIM Air D Ooty-Darjeeling,5800,0,100,15,1000,True,2026-11-01,2027-03-31,True,1.0
F2211E,O22,D11,SIM Air E Ooty-Darjeeling,4900,1,280,15,1500,True,2026-11-01,2027-03-31,True,1.0
F2212D,O22,D12,SIM Air D Ooty-Gangtok,5000,0,115,15,1000,True,2026-11-01,2027-03-31,True,1.0
F2212E,O22,D12,SIM Air E Ooty-Gangtok,4100,1,295,15,1500,True,2026-11-01,2027-03-31,True,1.0
F2213D,O22,D13,SIM Air D Ooty-Srinagar,5700,0,130,15,1000,True,2026-11-01,2027-03-31,True,1.0
F2213E,O22,D13,SIM Air E Ooty-Srinagar,4800,1,310,15,1500,True,2026-11-01,2027-03-31,True,1.0
F2214D,O22,D14,SIM Air D Ooty-Leh,4900,0,145,15,1000,True,2026-11-01,2027-03-31,True,1.0
F2214E,O22,D14,SIM Air E Ooty-Leh,4000,1,325,15,1500,True,2026-11-01,2027-03-31,True,1.0
F2215D,O22,D15,SIM Air D Ooty-Agra,5600,0,160,15,1000,True,2026-11-01,2027-03-31,True,1.0
F2215E,O22,D15,SIM Air E Ooty-Agra,4700,1,340,15,1500,True,2026-11-01,2027-03-31,True,1.0
F2216D,O22,D16,SIM Air D Ooty-Pondicherry,4800,0,100,15,1000,True,2026-11-01,2027-03-31,True,1.0
F2216E,O22,D16,SIM Air E Ooty-Pondicherry,3900,1,280,15,1500,True,2026-11-01,2027-03-31,True,1.0
F2218D,O22,D18,SIM Air D Ooty-Madurai,4700,0,130,15,1000,True,2026-11-01,2027-03-31,True,1.0
F2218E,O22,D18,SIM Air E Ooty-Madurai,3800,1,310,15,1500,True,2026-11-01,2027-03-31,True,1.0
F2219D,O22,D19,SIM Air D Ooty-Puri,5400,0,145,15,1000,True,2026-11-01,2027-03-31,True,1.0
F2219E,O22,D19,SIM Air E Ooty-Puri,4500,1,325,15,1500,True,2026-11-01,2027-03-31,True,1.0
F2220D,O22,D20,SIM Air D Ooty-Khajuraho,4600,0,160,15,1000,True,2026-11-01,2027-03-31,True,1.0
F2220E,O22,D20,SIM Air E Ooty-Khajuraho,3700,1,340,15,1500,True,2026-11-01,2027-03-31,True,1.0
F2301D,O23,D01,SIM Air D Madurai-Goa,5100,0,100,15,1000,True,2026-11-01,2027-03-31,True,1.0
F2301E,O23,D01,SIM Air E Madurai-Goa,4200,1,280,15,1500,True,2026-11-01,2027-03-31,True,1.0
F2302D,O23,D02,SIM Air D Madurai-Jaipur,5800,0,115,15,1000,True,2026-11-01,2027-03-31,True,1.0
F2302E,O23,D02,SIM Air E Madurai-Jaipur,4900,1,295,15,1500,True,2026-11-01,2027-03-31,True,1.0
F2303D,O23,D03,SIM Air D Madurai-Udaipur,5000,0,130,15,1000,True,2026-11-01,2027-03-31,True,1.0
F2303E,O23,D03,SIM Air E Madurai-Udaipur,4100,1,310,15,1500,True,2026-11-01,2027-03-31,True,1.0
F2304D,O23,D04,SIM Air D Madurai-Kochi,5700,0,145,15,1000,True,2026-11-01,2027-03-31,True,1.0
F2304E,O23,D04,SIM Air E Madurai-Kochi,4800,1,325,15,1500,True,2026-11-01,2027-03-31,True,1.0
F2305D,O23,D05,SIM Air D Madurai-Mysuru,4900,0,160,15,1000,True,2026-11-01,2027-03-31,True,1.0
F2305E,O23,D05,SIM Air E Madurai-Mysuru,4000,1,340,15,1500,True,2026-11-01,2027-03-31,True,1.0
F2306D,O23,D06,SIM Air D Madurai-Varanasi,5600,0,100,15,1000,True,2026-11-01,2027-03-31,True,1.0
F2306E,O23,D06,SIM Air E Madurai-Varanasi,4700,1,280,15,1500,True,2026-11-01,2027-03-31,True,1.0
F2307D,O23,D07,SIM Air D Madurai-Amritsar,4800,0,115,15,1000,True,2026-11-01,2027-03-31,True,1.0
F2307E,O23,D07,SIM Air E Madurai-Amritsar,3900,1,295,15,1500,True,2026-11-01,2027-03-31,True,1.0
F2308D,O23,D08,SIM Air D Madurai-Rishikesh,5500,0,130,15,1000,True,2026-11-01,2027-03-31,True,1.0
F2308E,O23,D08,SIM Air E Madurai-Rishikesh,4600,1,310,15,1500,True,2026-11-01,2027-03-31,True,1.0
F2309D,O23,D09,SIM Air D Madurai-Shimla,4700,0,145,15,1000,True,2026-11-01,2027-03-31,True,1.0
F2309E,O23,D09,SIM Air E Madurai-Shimla,3800,1,325,15,1500,True,2026-11-01,2027-03-31,True,1.0
F2310D,O23,D10,SIM Air D Madurai-Manali,5400,0,160,15,1000,True,2026-11-01,2027-03-31,True,1.0
F2310E,O23,D10,SIM Air E Madurai-Manali,4500,1,340,15,1500,True,2026-11-01,2027-03-31,True,1.0
F2311D,O23,D11,SIM Air D Madurai-Darjeeling,4600,0,100,15,1000,True,2026-11-01,2027-03-31,True,1.0
F2311E,O23,D11,SIM Air E Madurai-Darjeeling,3700,1,280,15,1500,True,2026-11-01,2027-03-31,True,1.0
F2312D,O23,D12,SIM Air D Madurai-Gangtok,5300,0,115,15,1000,True,2026-11-01,2027-03-31,True,1.0
F2312E,O23,D12,SIM Air E Madurai-Gangtok,4400,1,295,15,1500,True,2026-11-01,2027-03-31,True,1.0
F2313D,O23,D13,SIM Air D Madurai-Srinagar,4500,0,130,15,1000,True,2026-11-01,2027-03-31,True,1.0
F2313E,O23,D13,SIM Air E Madurai-Srinagar,3600,1,310,15,1500,True,2026-11-01,2027-03-31,True,1.0
F2314D,O23,D14,SIM Air D Madurai-Leh,5200,0,145,15,1000,True,2026-11-01,2027-03-31,True,1.0
F2314E,O23,D14,SIM Air E Madurai-Leh,4300,1,325,15,1500,True,2026-11-01,2027-03-31,True,1.0
F2315D,O23,D15,SIM Air D Madurai-Agra,5900,0,160,15,1000,True,2026-11-01,2027-03-31,True,1.0
F2315E,O23,D15,SIM Air E Madurai-Agra,5000,1,340,15,1500,True,2026-11-01,2027-03-31,True,1.0
F2316D,O23,D16,SIM Air D Madurai-Pondicherry,5100,0,100,15,1000,True,2026-11-01,2027-03-31,True,1.0
F2316E,O23,D16,SIM Air E Madurai-Pondicherry,4200,1,280,15,1500,True,2026-11-01,2027-03-31,True,1.0
F2317D,O23,D17,SIM Air D Madurai-Ooty,5800,0,115,15,1000,True,2026-11-01,2027-03-31,True,1.0
F2317E,O23,D17,SIM Air E Madurai-Ooty,4900,1,295,15,1500,True,2026-11-01,2027-03-31,True,1.0
F2319D,O23,D19,SIM Air D Madurai-Puri,5700,0,145,15,1000,True,2026-11-01,2027-03-31,True,1.0
F2319E,O23,D19,SIM Air E Madurai-Puri,4800,1,325,15,1500,True,2026-11-01,2027-03-31,True,1.0
F2320D,O23,D20,SIM Air D Madurai-Khajuraho,4900,0,160,15,1000,True,2026-11-01,2027-03-31,True,1.0
F2320E,O23,D20,SIM Air E Madurai-Khajuraho,4000,1,340,15,1500,True,2026-11-01,2027-03-31,True,1.0
F2401D,O24,D01,SIM Air D Puri-Goa,5400,0,100,15,1000,True,2026-11-01,2027-03-31,True,1.0
F2401E,O24,D01,SIM Air E Puri-Goa,4500,1,280,15,1500,True,2026-11-01,2027-03-31,True,1.0
F2402D,O24,D02,SIM Air D Puri-Jaipur,4600,0,115,15,1000,True,2026-11-01,2027-03-31,True,1.0
F2402E,O24,D02,SIM Air E Puri-Jaipur,3700,1,295,15,1500,True,2026-11-01,2027-03-31,True,1.0
F2403D,O24,D03,SIM Air D Puri-Udaipur,5300,0,130,15,1000,True,2026-11-01,2027-03-31,True,1.0
F2403E,O24,D03,SIM Air E Puri-Udaipur,4400,1,310,15,1500,True,2026-11-01,2027-03-31,True,1.0
F2404D,O24,D04,SIM Air D Puri-Kochi,4500,0,145,15,1000,True,2026-11-01,2027-03-31,True,1.0
F2404E,O24,D04,SIM Air E Puri-Kochi,3600,1,325,15,1500,True,2026-11-01,2027-03-31,True,1.0
F2405D,O24,D05,SIM Air D Puri-Mysuru,5200,0,160,15,1000,True,2026-11-01,2027-03-31,True,1.0
F2405E,O24,D05,SIM Air E Puri-Mysuru,4300,1,340,15,1500,True,2026-11-01,2027-03-31,True,1.0
F2406D,O24,D06,SIM Air D Puri-Varanasi,5900,0,100,15,1000,True,2026-11-01,2027-03-31,True,1.0
F2406E,O24,D06,SIM Air E Puri-Varanasi,5000,1,280,15,1500,True,2026-11-01,2027-03-31,True,1.0
F2407D,O24,D07,SIM Air D Puri-Amritsar,5100,0,115,15,1000,True,2026-11-01,2027-03-31,True,1.0
F2407E,O24,D07,SIM Air E Puri-Amritsar,4200,1,295,15,1500,True,2026-11-01,2027-03-31,True,1.0
F2408D,O24,D08,SIM Air D Puri-Rishikesh,5800,0,130,15,1000,True,2026-11-01,2027-03-31,True,1.0
F2408E,O24,D08,SIM Air E Puri-Rishikesh,4900,1,310,15,1500,True,2026-11-01,2027-03-31,True,1.0
F2409D,O24,D09,SIM Air D Puri-Shimla,5000,0,145,15,1000,True,2026-11-01,2027-03-31,True,1.0
F2409E,O24,D09,SIM Air E Puri-Shimla,4100,1,325,15,1500,True,2026-11-01,2027-03-31,True,1.0
F2410D,O24,D10,SIM Air D Puri-Manali,5700,0,160,15,1000,True,2026-11-01,2027-03-31,True,1.0
F2410E,O24,D10,SIM Air E Puri-Manali,4800,1,340,15,1500,True,2026-11-01,2027-03-31,True,1.0
F2411D,O24,D11,SIM Air D Puri-Darjeeling,4900,0,100,15,1000,True,2026-11-01,2027-03-31,True,1.0
F2411E,O24,D11,SIM Air E Puri-Darjeeling,4000,1,280,15,1500,True,2026-11-01,2027-03-31,True,1.0
F2412D,O24,D12,SIM Air D Puri-Gangtok,5600,0,115,15,1000,True,2026-11-01,2027-03-31,True,1.0
F2412E,O24,D12,SIM Air E Puri-Gangtok,4700,1,295,15,1500,True,2026-11-01,2027-03-31,True,1.0
F2413D,O24,D13,SIM Air D Puri-Srinagar,4800,0,130,15,1000,True,2026-11-01,2027-03-31,True,1.0
F2413E,O24,D13,SIM Air E Puri-Srinagar,3900,1,310,15,1500,True,2026-11-01,2027-03-31,True,1.0
F2414D,O24,D14,SIM Air D Puri-Leh,5500,0,145,15,1000,True,2026-11-01,2027-03-31,True,1.0
F2414E,O24,D14,SIM Air E Puri-Leh,4600,1,325,15,1500,True,2026-11-01,2027-03-31,True,1.0
F2415D,O24,D15,SIM Air D Puri-Agra,4700,0,160,15,1000,True,2026-11-01,2027-03-31,True,1.0
F2415E,O24,D15,SIM Air E Puri-Agra,3800,1,340,15,1500,True,2026-11-01,2027-03-31,True,1.0
F2416D,O24,D16,SIM Air D Puri-Pondicherry,5400,0,100,15,1000,True,2026-11-01,2027-03-31,True,1.0
F2416E,O24,D16,SIM Air E Puri-Pondicherry,4500,1,280,15,1500,True,2026-11-01,2027-03-31,True,1.0
F2417D,O24,D17,SIM Air D Puri-Ooty,4600,0,115,15,1000,True,2026-11-01,2027-03-31,True,1.0
F2417E,O24,D17,SIM Air E Puri-Ooty,3700,1,295,15,1500,True,2026-11-01,2027-03-31,True,1.0
F2418D,O24,D18,SIM Air D Puri-Madurai,5300,0,130,15,1000,True,2026-11-01,2027-03-31,True,1.0
F2418E,O24,D18,SIM Air E Puri-Madurai,4400,1,310,15,1500,True,2026-11-01,2027-03-31,True,1.0
F2420D,O24,D20,SIM Air D Puri-Khajuraho,5200,0,160,15,1000,True,2026-11-01,2027-03-31,True,1.0
F2420E,O24,D20,SIM Air E Puri-Khajuraho,4300,1,340,15,1500,True,2026-11-01,2027-03-31,True,1.0
F2501D,O25,D01,SIM Air D Khajuraho-Goa,5700,0,100,15,1000,True,2026-11-01,2027-03-31,True,1.0
F2501E,O25,D01,SIM Air E Khajuraho-Goa,4800,1,280,15,1500,True,2026-11-01,2027-03-31,True,1.0
F2502D,O25,D02,SIM Air D Khajuraho-Jaipur,4900,0,115,15,1000,True,2026-11-01,2027-03-31,True,1.0
F2502E,O25,D02,SIM Air E Khajuraho-Jaipur,4000,1,295,15,1500,True,2026-11-01,2027-03-31,True,1.0
F2503D,O25,D03,SIM Air D Khajuraho-Udaipur,5600,0,130,15,1000,True,2026-11-01,2027-03-31,True,1.0
F2503E,O25,D03,SIM Air E Khajuraho-Udaipur,4700,1,310,15,1500,True,2026-11-01,2027-03-31,True,1.0
F2504D,O25,D04,SIM Air D Khajuraho-Kochi,4800,0,145,15,1000,True,2026-11-01,2027-03-31,True,1.0
F2504E,O25,D04,SIM Air E Khajuraho-Kochi,3900,1,325,15,1500,True,2026-11-01,2027-03-31,True,1.0
F2505D,O25,D05,SIM Air D Khajuraho-Mysuru,5500,0,160,15,1000,True,2026-11-01,2027-03-31,True,1.0
F2505E,O25,D05,SIM Air E Khajuraho-Mysuru,4600,1,340,15,1500,True,2026-11-01,2027-03-31,True,1.0
F2506D,O25,D06,SIM Air D Khajuraho-Varanasi,4700,0,100,15,1000,True,2026-11-01,2027-03-31,True,1.0
F2506E,O25,D06,SIM Air E Khajuraho-Varanasi,3800,1,280,15,1500,True,2026-11-01,2027-03-31,True,1.0
F2507D,O25,D07,SIM Air D Khajuraho-Amritsar,5400,0,115,15,1000,True,2026-11-01,2027-03-31,True,1.0
F2507E,O25,D07,SIM Air E Khajuraho-Amritsar,4500,1,295,15,1500,True,2026-11-01,2027-03-31,True,1.0
F2508D,O25,D08,SIM Air D Khajuraho-Rishikesh,4600,0,130,15,1000,True,2026-11-01,2027-03-31,True,1.0
F2508E,O25,D08,SIM Air E Khajuraho-Rishikesh,3700,1,310,15,1500,True,2026-11-01,2027-03-31,True,1.0
F2509D,O25,D09,SIM Air D Khajuraho-Shimla,5300,0,145,15,1000,True,2026-11-01,2027-03-31,True,1.0
F2509E,O25,D09,SIM Air E Khajuraho-Shimla,4400,1,325,15,1500,True,2026-11-01,2027-03-31,True,1.0
F2510D,O25,D10,SIM Air D Khajuraho-Manali,4500,0,160,15,1000,True,2026-11-01,2027-03-31,True,1.0
F2510E,O25,D10,SIM Air E Khajuraho-Manali,3600,1,340,15,1500,True,2026-11-01,2027-03-31,True,1.0
F2511D,O25,D11,SIM Air D Khajuraho-Darjeeling,5200,0,100,15,1000,True,2026-11-01,2027-03-31,True,1.0
F2511E,O25,D11,SIM Air E Khajuraho-Darjeeling,4300,1,280,15,1500,True,2026-11-01,2027-03-31,True,1.0
F2512D,O25,D12,SIM Air D Khajuraho-Gangtok,5900,0,115,15,1000,True,2026-11-01,2027-03-31,True,1.0
F2512E,O25,D12,SIM Air E Khajuraho-Gangtok,5000,1,295,15,1500,True,2026-11-01,2027-03-31,True,1.0
F2513D,O25,D13,SIM Air D Khajuraho-Srinagar,5100,0,130,15,1000,True,2026-11-01,2027-03-31,True,1.0
F2513E,O25,D13,SIM Air E Khajuraho-Srinagar,4200,1,310,15,1500,True,2026-11-01,2027-03-31,True,1.0
F2514D,O25,D14,SIM Air D Khajuraho-Leh,5800,0,145,15,1000,True,2026-11-01,2027-03-31,True,1.0
F2514E,O25,D14,SIM Air E Khajuraho-Leh,4900,1,325,15,1500,True,2026-11-01,2027-03-31,True,1.0
F2515D,O25,D15,SIM Air D Khajuraho-Agra,5000,0,160,15,1000,True,2026-11-01,2027-03-31,True,1.0
F2515E,O25,D15,SIM Air E Khajuraho-Agra,4100,1,340,15,1500,True,2026-11-01,2027-03-31,True,1.0
F2516D,O25,D16,SIM Air D Khajuraho-Pondicherry,5700,0,100,15,1000,True,2026-11-01,2027-03-31,True,1.0
F2516E,O25,D16,SIM Air E Khajuraho-Pondicherry,4800,1,280,15,1500,True,2026-11-01,2027-03-31,True,1.0
F2517D,O25,D17,SIM Air D Khajuraho-Ooty,4900,0,115,15,1000,True,2026-11-01,2027-03-31,True,1.0
F2517E,O25,D17,SIM Air E Khajuraho-Ooty,4000,1,295,15,1500,True,2026-11-01,2027-03-31,True,1.0
F2518D,O25,D18,SIM Air D Khajuraho-Madurai,5600,0,130,15,1000,True,2026-11-01,2027-03-31,True,1.0
F2518E,O25,D18,SIM Air E Khajuraho-Madurai,4700,1,310,15,1500,True,2026-11-01,2027-03-31,True,1.0
F2519D,O25,D19,SIM Air D Khajuraho-Puri,4800,0,145,15,1000,True,2026-11-01,2027-03-31,True,1.0
F2519E,O25,D19,SIM Air E Khajuraho-Puri,3900,1,325,15,1500,True,2026-11-01,2027-03-31,True,1.0
